2026-06-05 16:52:05,110 metawiki.parse_etl.lineage INFO ETL 任务(按 task_id 去重最新): 5780
2026-06-05 16:52:05,110 metawiki.parse_etl.lineage INFO   ├ 按类型: {'hsql': 3011, 'hive_partition-sensor': 734, 'spark': 656, 'shell': 600, 'python': 414, 'dts': 320, 'notebook': 32, 'sensor': 12, 'hdfs-sensor': 1}
2026-06-05 16:52:05,110 metawiki.parse_etl.lineage INFO   ├ 出 SQL 的任务: 2854  共 4151 条 SQL 单元
2026-06-05 16:52:05,110 metawiki.parse_etl.lineage INFO   └ 解析状态: {'ok': 3883, 'no_code': 1364, 'no_sql': 533}
2026-06-05 16:52:05,110 metawiki.parse_etl.lineage INFO 写 catalog/generated/etl_tasks.json: 5780 行
2026-06-05 16:55:22,200 metawiki.parse_etl.lineage INFO SQL 单元: 4151  解析成功: 2720  失败: 1431
2026-06-05 16:55:22,201 metawiki.parse_etl.lineage INFO 列级血缘边: 219348  → catalog/generated/column_lineage.json
2026-06-05 17:06:56,893 metawiki.parse_etl.lineage INFO ETL 任务(按 task_id 去重最新): 5780
2026-06-05 17:06:56,896 metawiki.parse_etl.lineage INFO   ├ 按类型: {'hsql': 3011, 'hive_partition-sensor': 734, 'spark': 656, 'shell': 600, 'python': 414, 'dts': 320, 'notebook': 32, 'sensor': 12, 'hdfs-sensor': 1}
2026-06-05 17:06:56,896 metawiki.parse_etl.lineage INFO   ├ 出 SQL 的任务: 2854  共 4151 条 SQL 单元
2026-06-05 17:06:56,896 metawiki.parse_etl.lineage INFO   └ 解析状态: {'ok': 3883, 'no_code': 1364, 'no_sql': 533}
2026-06-05 17:06:56,896 metawiki.parse_etl.lineage INFO 写 catalog/generated/etl_tasks.json: 5780 行
2026-06-05 17:06:58,221 metawiki.parse_etl.lineage INFO 写入 metadata_kb.etl_tasks: 5780 行 (整表重灌)
2026-06-05 17:14:41,750 metawiki.parse_etl.lineage INFO SQL 单元: 4151  解析成功: 2720  失败: 1431
2026-06-05 17:14:41,754 metawiki.parse_etl.lineage INFO 列级血缘边: 219348  → catalog/generated/column_lineage.json
2026-06-05 17:14:47,935 metawiki.parse_etl.lineage INFO 写入 metadata_kb.column_lineage: 219348 行 (整表重灌 + 建索引)
2026-06-05 17:32:16,739 metawiki.parse_etl.lineage INFO ETL 任务(按 task_id 去重最新): 5780
2026-06-05 17:32:16,742 metawiki.parse_etl.lineage INFO   ├ 按类型: {'hsql': 3011, 'hive_partition-sensor': 734, 'spark': 656, 'shell': 600, 'python': 414, 'dts': 320, 'notebook': 32, 'sensor': 12, 'hdfs-sensor': 1}
2026-06-05 17:32:16,743 metawiki.parse_etl.lineage INFO   ├ 出 SQL 的任务: 2854  共 2963 条 SQL 单元
2026-06-05 17:32:16,743 metawiki.parse_etl.lineage INFO   └ 解析状态: {'ok': 3883, 'no_code': 1364, 'no_sql': 533}
2026-06-05 17:32:16,743 metawiki.parse_etl.lineage INFO 写 catalog/generated/etl_tasks.json: 5780 行
2026-06-05 17:36:19,331 metawiki.parse_etl.lineage INFO 追溯 ml_temp.zqm_20240725_future_loss_login_feature: 无血缘边(可能该列未被解析到 / 名称不符)
2026-06-05 17:36:55,553 metawiki.parse_etl.lineage INFO 追溯 ml_temp.zqm_20240725_future_loss_login_feature.active_days_14 的计算来源(共 2 跳边):
2026-06-05 17:36:55,554 metawiki.parse_etl.lineage INFO   [d0] ml_temp.zqm_20240725_future_loss_login_feature.active_days_14 <= subquery:job.100021528_0:t4.active_days_14 [direct]  ⟵ active_days_14 /* 未来14日（不含当日）活跃天数（不含当日） */
2026-06-05 17:36:55,554 metawiki.parse_etl.lineage INFO     [d1] subquery:job.100021528_0:t4.active_days_14 <= mt_dwm.dwm_active_role_zone_di.logymd [aggregated]  ⟵ COUNT(DISTINCT logymd) AS active_days_14
2026-06-05 17:38:02,932 metawiki.parse_etl.lineage INFO 追溯 mt_dwm.dwm_shop_role_zone_item_di.coupons_id 的计算来源(共 2 跳边):
2026-06-05 17:38:02,932 metawiki.parse_etl.lineage INFO   [d0] mt_dwm.dwm_shop_role_zone_item_di.coupons_id <= subquery:job.100031237_0:a.discouponid [derived]  ⟵ CASE WHEN NOT discouponid IN (24717, 25132) THEN discouponid ELSE NULL END AS co
2026-06-05 17:38:02,932 metawiki.parse_etl.lineage INFO     [d1] subquery:job.100031237_0:a.discouponid <= ml_ods.gameserver_shop_buy.discouponid [direct]  ⟵ discouponid
2026-06-05 17:42:44,538 metawiki.parse_etl.lineage INFO ETL 任务(按 task_id 去重最新): 5780
2026-06-05 17:42:44,541 metawiki.parse_etl.lineage INFO   ├ 按类型: {'hsql': 3011, 'hive_partition-sensor': 734, 'spark': 656, 'shell': 600, 'python': 414, 'dts': 320, 'notebook': 32, 'sensor': 12, 'hdfs-sensor': 1}
2026-06-05 17:42:44,541 metawiki.parse_etl.lineage INFO   ├ 出 SQL 的任务: 2854  共 2963 条 SQL 单元
2026-06-05 17:42:44,541 metawiki.parse_etl.lineage INFO   └ 解析状态: {'ok': 3883, 'no_code': 1364, 'no_sql': 533}
2026-06-05 17:42:44,541 metawiki.parse_etl.lineage INFO 写 catalog/generated/etl_tasks.json: 5780 行
2026-06-05 17:43:45,363 metawiki.parse_etl.lineage INFO SQL 单元: 2963  解析成功: 2903  失败: 60
2026-06-05 17:43:45,364 metawiki.parse_etl.lineage INFO 列级血缘边: 250607  → catalog/generated/column_lineage.json
2026-06-05 18:03:27,784 metawiki.parse_etl.lineage INFO 追溯 mt_dwm.dwm_shop_role_zone_item_di.coupons_id: 无血缘边(可能该列未被解析到 / 名称不符)
2026-06-05 18:07:33,505 metawiki.parse_etl.lineage INFO ETL 任务(按 task_id 去重最新): 5780
2026-06-05 18:07:33,506 metawiki.parse_etl.lineage INFO   ├ 按类型: {'hsql': 3011, 'hive_partition-sensor': 734, 'spark': 656, 'shell': 600, 'python': 414, 'dts': 320, 'notebook': 32, 'sensor': 12, 'hdfs-sensor': 1}
2026-06-05 18:07:33,506 metawiki.parse_etl.lineage INFO   ├ 出 SQL 的任务: 2814  共 2923 条 SQL 单元
2026-06-05 18:07:33,506 metawiki.parse_etl.lineage INFO   └ 解析状态: {'ok': 3843, 'no_code': 1364, 'no_sql': 573}
2026-06-05 18:07:33,506 metawiki.parse_etl.lineage INFO 写 catalog/generated/etl_tasks.json: 5780 行
2026-06-05 18:08:44,330 metawiki.parse_etl.lineage INFO SQL 单元: 2923  解析成功: 2903  失败: 20
2026-06-05 18:08:44,330 metawiki.parse_etl.lineage INFO 列级血缘边: 250607  → catalog/generated/column_lineage.json
2026-06-05 18:12:05,967 metawiki.parse_etl.lineage INFO ETL 任务(按 task_id 去重最新): 5780
2026-06-05 18:12:05,971 metawiki.parse_etl.lineage INFO   ├ 按类型: {'hsql': 3011, 'hive_partition-sensor': 734, 'spark': 656, 'shell': 600, 'python': 414, 'dts': 320, 'notebook': 32, 'sensor': 12, 'hdfs-sensor': 1}
2026-06-05 18:12:05,971 metawiki.parse_etl.lineage INFO   ├ 出 SQL 的任务: 2814  共 2923 条 SQL 单元
2026-06-05 18:12:05,971 metawiki.parse_etl.lineage INFO   └ 解析状态: {'ok': 3843, 'no_code': 1364, 'no_sql': 573}
2026-06-05 18:12:05,971 metawiki.parse_etl.lineage INFO 写 catalog/generated/etl_tasks.json: 5780 行
2026-06-05 18:12:08,630 metawiki.parse_etl.lineage INFO 写入 metadata_kb.etl_tasks: 5780 行 (整表重灌)
2026-06-05 18:15:50,148 metawiki.parse_etl.lineage INFO 追溯 mt_dwm.dwm_shop_role_zone_ite: 无血缘边(可能该列未被解析到 / 名称不符)
2026-06-05 18:16:07,077 metawiki.parse_etl.lineage INFO 追溯 mt_dwm.dwm_shop_role_zone_item_di: 无血缘边(可能该列未被解析到 / 名称不符)
2026-06-05 18:16:23,915 metawiki.parse_etl.lineage INFO 追溯 mt_dwm.dwm_shop_role_zone_item_di: 无血缘边(可能该列未被解析到 / 名称不符)
2026-06-05 18:16:35,455 metawiki.parse_etl.lineage INFO 追溯 mt_dwm.dwm_shop_role_zone_item_di: 无血缘边(可能该列未被解析到 / 名称不符)
2026-06-05 18:18:17,597 metawiki.parse_etl.lineage INFO 追溯 mt_dim.dim_basic_role_zone_df: 无血缘边(可能该列未被解析到 / 名称不符)
2026-06-05 18:25:36,830 metawiki.parse_etl.lineage INFO 追溯 mt_dwm.dwm_active_role_zone_di: 无血缘边(可能该列未被解析到 / 名称不符)
2026-06-05 18:26:40,343 metawiki.parse_etl.lineage INFO 追溯 mt_dwm.dwm_active_role_zone_di: 无血缘边(可能该列未被解析到 / 名称不符)
2026-06-05 18:29:35,628 metawiki.parse_etl.lineage INFO 追溯表 mt_dwm.dwm_active_role_zone_di: 无血缘边(可能该表未被解析到 / 名称不符)
2026-06-05 18:29:50,424 metawiki.parse_etl.lineage INFO 追溯表 mt_dwm.dwm_active_role_zone_di: 无血缘边(可能该表未被解析到 / 名称不符)
2026-06-05 18:29:56,091 metawiki.parse_etl.lineage INFO 追溯表 mt_dwm.dwm_active_role_zone_di 的下游表(共 4 跳边):
2026-06-05 18:29:56,091 metawiki.parse_etl.lineage INFO   [d0] ml_temp.mc_network_login_duration <= mt_dwm.dwm_active_role_zone_di
2026-06-05 18:29:56,091 metawiki.parse_etl.lineage INFO   [d0] ml_temp.jianli_20250303_30recur <= mt_dwm.dwm_active_role_zone_di
2026-06-05 18:29:56,091 metawiki.parse_etl.lineage INFO   [d0] ml_temp.leavyliu_social_active_label <= mt_dwm.dwm_active_role_zone_di
2026-06-05 18:29:56,091 metawiki.parse_etl.lineage INFO     [d1] ml_temp.mc_users_network_day_retention <= ml_temp.mc_network_login_duration
2026-06-05 18:34:47,974 metawiki.parse_etl.lineage INFO 追溯表 mt_dim.dim_basic_role_zone_df 的下游表(共 13 跳边):
2026-06-05 18:34:47,974 metawiki.parse_etl.lineage INFO   [d0] ml_temp.mc_fake_quantity_features_total_3d_v2 <= mt_dim.dim_basic_role_zone_df
2026-06-05 18:34:47,974 metawiki.parse_etl.lineage INFO   [d0] mt_dwd.dwd_decismart_realtime_create_role_detail <= mt_dim.dim_basic_role_zone_df
2026-06-05 18:34:47,974 metawiki.parse_etl.lineage INFO   [d0] ml_temp.tiffanyzou_20260108_dormant_users_30day <= mt_dim.dim_basic_role_zone_df
2026-06-05 18:34:47,975 metawiki.parse_etl.lineage INFO   [d0] ml_temp.mc_network_login_duration <= mt_dim.dim_basic_role_zone_df
2026-06-05 18:34:47,975 metawiki.parse_etl.lineage INFO   [d0] mt_dwd.dwd_decismart_realtime_network_stdping <= mt_dim.dim_basic_role_zone_df
2026-06-05 18:34:47,975 metawiki.parse_etl.lineage INFO   [d0] ml_temp.mc_network_role_zone <= mt_dim.dim_basic_role_zone_df
2026-06-05 18:34:47,975 metawiki.parse_etl.lineage INFO   [d0] mt_ads.ads_decismart_exp_match_success_di <= mt_dim.dim_basic_role_zone_df
2026-06-05 18:34:47,975 metawiki.parse_etl.lineage INFO   [d0] mt_dm.dm_finance_user_channel_tz_di <= mt_dim.dim_basic_role_zone_df
2026-06-05 18:34:47,975 metawiki.parse_etl.lineage INFO   [d0] mt_dwm.dwm_shop_role_zone_item_di <= mt_dim.dim_basic_role_zone_df
2026-06-05 18:34:47,975 metawiki.parse_etl.lineage INFO   [d0] mt_dim.dim_mlbb_zone_config_df <= mt_dim.dim_basic_role_zone_df
2026-06-05 18:34:47,975 metawiki.parse_etl.lineage INFO     [d1] ml_temp.mc_users_network_day_retention <= ml_temp.mc_network_login_duration
2026-06-05 18:34:47,975 metawiki.parse_etl.lineage INFO     [d1] mt_dm.dm_mlbb_shop_buy_role_zone_di <= mt_dwm.dwm_shop_role_zone_item_di
2026-06-05 18:34:47,975 metawiki.parse_etl.lineage INFO     [d1] ml_temp.mc_users_network_day_retention <= ml_temp.mc_network_role_zone
2026-06-05 18:34:51,089 metawiki.parse_etl.lineage INFO 追溯表 mt_dim.dim_basic_role_zone_df: 无血缘边(可能该表未被解析到 / 名称不符)
2026-06-05 18:35:06,819 metawiki.parse_etl.lineage INFO 追溯表 mt_dim.dim_basic_role_zone_df: 无血缘边(可能该表未被解析到 / 名称不符)
2026-06-05 18:37:17,998 metawiki.parse_etl.lineage INFO 追溯表 mt_dim.dim_basic_role_zone_df: 无血缘边(可能该表未被解析到 / 名称不符)
2026-06-05 18:44:31,175 metawiki.parse_etl.lineage INFO 追溯表 mt_dim.dim_basic_role_zone_df 的上游表(共 12 张物理表):
2026-06-05 18:44:31,176 metawiki.parse_etl.lineage INFO       [d2] mt_dim.dim_basic_role_zone_df <= mt_dim.dim_attr_account_df
2026-06-05 18:44:31,176 metawiki.parse_etl.lineage INFO         [d3] mt_dim.dim_basic_role_zone_df <= bi_test.dim_role_df_hdfs
2026-06-05 18:44:31,176 metawiki.parse_etl.lineage INFO           [d4] mt_dim.dim_basic_role_zone_df <= mt_dwd.config_country_area
2026-06-05 18:44:31,176 metawiki.parse_etl.lineage INFO             [d5] mt_dim.dim_basic_role_zone_df <= bi_test.dim_attr_mlbb_hdfs
2026-06-05 18:44:31,176 metawiki.parse_etl.lineage INFO               [d6] mt_dim.dim_basic_role_zone_df <= ml_ods.battleserver_battle_end
2026-06-05 18:44:31,176 metawiki.parse_etl.lineage INFO               [d6] mt_dim.dim_basic_role_zone_df <= mt_dwd.dwd_account_attribution_df
2026-06-05 18:44:31,176 metawiki.parse_etl.lineage INFO               [d6] mt_dim.dim_basic_role_zone_df <= mt_dwm.dwm_active_role_zone_di
2026-06-05 18:44:31,189 metawiki.parse_etl.lineage INFO                 [d7] mt_dim.dim_basic_role_zone_df <= mt_dim.dim_basic_bind_account_di
2026-06-05 18:44:31,189 metawiki.parse_etl.lineage INFO                   [d8] mt_dim.dim_basic_role_zone_df <= bi_test.dim_attr_df_mla_hdfs
2026-06-05 18:44:31,189 metawiki.parse_etl.lineage INFO                   [d8] mt_dim.dim_basic_role_zone_df <= mh_ods.accountserver_account_create
2026-06-05 18:44:31,189 metawiki.parse_etl.lineage INFO                   [d8] mt_dim.dim_basic_role_zone_df <= ml_ods.connserver_bindaccount_data
2026-06-05 18:44:31,189 metawiki.parse_etl.lineage INFO                   [d8] mt_dim.dim_basic_role_zone_df <= ml_ods.connserver_shareway
2026-06-05 18:44:41,479 metawiki.parse_etl.lineage INFO 追溯表 mt_dim.dim_basic_role_zone_df 的上游表(共 12 张物理表):
2026-06-05 18:44:41,479 metawiki.parse_etl.lineage INFO       [d2] mt_dim.dim_basic_role_zone_df <= mt_dim.dim_attr_account_df
2026-06-05 18:44:41,479 metawiki.parse_etl.lineage INFO         [d3] mt_dim.dim_basic_role_zone_df <= bi_test.dim_role_df_hdfs
2026-06-05 18:44:41,479 metawiki.parse_etl.lineage INFO           [d4] mt_dim.dim_basic_role_zone_df <= mt_dwd.config_country_area
2026-06-05 18:44:41,479 metawiki.parse_etl.lineage INFO             [d5] mt_dim.dim_basic_role_zone_df <= bi_test.dim_attr_mlbb_hdfs
2026-06-05 18:44:41,479 metawiki.parse_etl.lineage INFO               [d6] mt_dim.dim_basic_role_zone_df <= ml_ods.battleserver_battle_end
2026-06-05 18:44:41,479 metawiki.parse_etl.lineage INFO               [d6] mt_dim.dim_basic_role_zone_df <= mt_dwd.dwd_account_attribution_df
2026-06-05 18:44:41,479 metawiki.parse_etl.lineage INFO               [d6] mt_dim.dim_basic_role_zone_df <= mt_dwm.dwm_active_role_zone_di
2026-06-05 18:44:41,479 metawiki.parse_etl.lineage INFO                 [d7] mt_dim.dim_basic_role_zone_df <= mt_dim.dim_basic_bind_account_di
2026-06-05 18:44:41,479 metawiki.parse_etl.lineage INFO                   [d8] mt_dim.dim_basic_role_zone_df <= bi_test.dim_attr_df_mla_hdfs
2026-06-05 18:44:41,479 metawiki.parse_etl.lineage INFO                   [d8] mt_dim.dim_basic_role_zone_df <= mh_ods.accountserver_account_create
2026-06-05 18:44:41,479 metawiki.parse_etl.lineage INFO                   [d8] mt_dim.dim_basic_role_zone_df <= ml_ods.connserver_bindaccount_data
2026-06-05 18:44:41,479 metawiki.parse_etl.lineage INFO                   [d8] mt_dim.dim_basic_role_zone_df <= ml_ods.connserver_shareway
2026-06-05 18:45:05,030 metawiki.parse_etl.lineage INFO 追溯表 mt_dim.dim_basic_role_zone_df 的上游表(共 22 张物理表):
2026-06-05 18:45:05,031 metawiki.parse_etl.lineage INFO       [d2] mt_dim.dim_basic_role_zone_df <= mt_dim.dim_attr_account_df
2026-06-05 18:45:05,031 metawiki.parse_etl.lineage INFO         [d3] mt_dim.dim_basic_role_zone_df <= bi_test.dim_role_df_hdfs
2026-06-05 18:45:05,031 metawiki.parse_etl.lineage INFO           [d4] mt_dim.dim_basic_role_zone_df <= mt_dwd.config_country_area
2026-06-05 18:45:05,031 metawiki.parse_etl.lineage INFO             [d5] mt_dim.dim_basic_role_zone_df <= bi_test.dim_attr_mlbb_hdfs
2026-06-05 18:45:05,031 metawiki.parse_etl.lineage INFO               [d6] mt_dim.dim_basic_role_zone_df <= ml_ods.battleserver_battle_end
2026-06-05 18:45:05,031 metawiki.parse_etl.lineage INFO               [d6] mt_dim.dim_basic_role_zone_df <= mt_dwd.dwd_account_attribution_df
2026-06-05 18:45:05,031 metawiki.parse_etl.lineage INFO               [d6] mt_dim.dim_basic_role_zone_df <= mt_dwm.dwm_active_role_zone_di
2026-06-05 18:45:05,120 metawiki.parse_etl.lineage INFO                 [d7] mt_dim.dim_basic_role_zone_df <= mt_dim.dim_basic_bind_account_di
2026-06-05 18:45:05,120 metawiki.parse_etl.lineage INFO                   [d8] mt_dim.dim_basic_role_zone_df <= bi_test.dim_attr_df_mla_hdfs
2026-06-05 18:45:05,120 metawiki.parse_etl.lineage INFO                   [d8] mt_dim.dim_basic_role_zone_df <= mh_ods.accountserver_account_create
2026-06-05 18:45:05,120 metawiki.parse_etl.lineage INFO                   [d8] mt_dim.dim_basic_role_zone_df <= ml_ods.connserver_bindaccount_data
2026-06-05 18:45:05,121 metawiki.parse_etl.lineage INFO                   [d8] mt_dim.dim_basic_role_zone_df <= ml_ods.connserver_shareway
2026-06-05 18:45:05,121 metawiki.parse_etl.lineage INFO                     [d9] mt_dim.dim_basic_role_zone_df <= ml_ods.accountserver_account_create
2026-06-05 18:45:05,121 metawiki.parse_etl.lineage INFO                     [d9] mt_dim.dim_basic_role_zone_df <= ml_ods.connserver_client_configuration
2026-06-05 18:45:05,121 metawiki.parse_etl.lineage INFO                     [d9] mt_dim.dim_basic_role_zone_df <= ml_ods.connserver_client_friend_login
2026-06-05 18:45:05,121 metawiki.parse_etl.lineage INFO                     [d9] mt_dim.dim_basic_role_zone_df <= ml_ods.gameserver_logout
2026-06-05 18:45:05,121 metawiki.parse_etl.lineage INFO                     [d9] mt_dim.dim_basic_role_zone_df <= ml_ods.gameserver_sub_diamond
2026-06-05 18:45:05,121 metawiki.parse_etl.lineage INFO                     [d9] mt_dim.dim_basic_role_zone_df <= ml_ods.loginserver_login_auth
2026-06-05 18:45:05,121 metawiki.parse_etl.lineage INFO                     [d9] mt_dim.dim_basic_role_zone_df <= mt_dwd.dwd_account_create_df
2026-06-05 18:45:05,121 metawiki.parse_etl.lineage INFO                     [d9] mt_dim.dim_basic_role_zone_df <= mt_dwd.dwd_login_di
2026-06-05 18:45:05,121 metawiki.parse_etl.lineage INFO                       [d10] mt_dim.dim_basic_role_zone_df <= bi_test.dwd_account_create_df
2026-06-05 18:45:05,121 metawiki.parse_etl.lineage INFO                       [d10] mt_dim.dim_basic_role_zone_df <= mh_ods.gameserver_create_role
2026-06-05 18:49:39,986 metawiki.parse_etl.lineage INFO 追溯表 mt_dim.dim_basic_role_zone_df 的上游表(共 22 张物理表):
2026-06-05 18:49:39,987 metawiki.parse_etl.lineage INFO       [d2] mt_dim.dim_basic_role_zone_df <= mt_dim.dim_attr_account_df
2026-06-05 18:49:39,987 metawiki.parse_etl.lineage INFO         [d3] mt_dim.dim_basic_role_zone_df <= bi_test.dim_role_df_hdfs
2026-06-05 18:49:39,987 metawiki.parse_etl.lineage INFO           [d4] mt_dim.dim_basic_role_zone_df <= mt_dwd.config_country_area
2026-06-05 18:49:39,987 metawiki.parse_etl.lineage INFO             [d5] mt_dim.dim_basic_role_zone_df <= bi_test.dim_attr_mlbb_hdfs
2026-06-05 18:49:39,987 metawiki.parse_etl.lineage INFO               [d6] mt_dim.dim_basic_role_zone_df <= ml_ods.battleserver_battle_end
2026-06-05 18:49:39,987 metawiki.parse_etl.lineage INFO               [d6] mt_dim.dim_basic_role_zone_df <= mt_dwd.dwd_account_attribution_df
2026-06-05 18:49:39,987 metawiki.parse_etl.lineage INFO               [d6] mt_dim.dim_basic_role_zone_df <= mt_dwm.dwm_active_role_zone_di
2026-06-05 18:49:39,987 metawiki.parse_etl.lineage INFO                 [d7] mt_dim.dim_basic_role_zone_df <= mt_dim.dim_basic_bind_account_di
2026-06-05 18:49:39,987 metawiki.parse_etl.lineage INFO                   [d8] mt_dim.dim_basic_role_zone_df <= bi_test.dim_attr_df_mla_hdfs
2026-06-05 18:49:39,987 metawiki.parse_etl.lineage INFO                   [d8] mt_dim.dim_basic_role_zone_df <= mh_ods.accountserver_account_create
2026-06-05 18:49:39,987 metawiki.parse_etl.lineage INFO                   [d8] mt_dim.dim_basic_role_zone_df <= ml_ods.connserver_bindaccount_data
2026-06-05 18:49:39,987 metawiki.parse_etl.lineage INFO                   [d8] mt_dim.dim_basic_role_zone_df <= ml_ods.connserver_shareway
2026-06-05 18:49:39,987 metawiki.parse_etl.lineage INFO                     [d9] mt_dim.dim_basic_role_zone_df <= ml_ods.accountserver_account_create
2026-06-05 18:49:39,987 metawiki.parse_etl.lineage INFO                     [d9] mt_dim.dim_basic_role_zone_df <= ml_ods.connserver_client_configuration
2026-06-05 18:49:39,987 metawiki.parse_etl.lineage INFO                     [d9] mt_dim.dim_basic_role_zone_df <= ml_ods.connserver_client_friend_login
2026-06-05 18:49:39,988 metawiki.parse_etl.lineage INFO                     [d9] mt_dim.dim_basic_role_zone_df <= ml_ods.gameserver_logout
2026-06-05 18:49:39,988 metawiki.parse_etl.lineage INFO                     [d9] mt_dim.dim_basic_role_zone_df <= ml_ods.gameserver_sub_diamond
2026-06-05 18:49:39,988 metawiki.parse_etl.lineage INFO                     [d9] mt_dim.dim_basic_role_zone_df <= ml_ods.loginserver_login_auth
2026-06-05 18:49:39,988 metawiki.parse_etl.lineage INFO                     [d9] mt_dim.dim_basic_role_zone_df <= mt_dwd.dwd_account_create_df
2026-06-05 18:49:39,988 metawiki.parse_etl.lineage INFO                     [d9] mt_dim.dim_basic_role_zone_df <= mt_dwd.dwd_login_di
2026-06-05 18:49:39,988 metawiki.parse_etl.lineage INFO                       [d10] mt_dim.dim_basic_role_zone_df <= bi_test.dwd_account_create_df
2026-06-05 18:49:39,988 metawiki.parse_etl.lineage INFO                       [d10] mt_dim.dim_basic_role_zone_df <= mh_ods.gameserver_create_role
2026-06-05 18:55:47,805 metawiki.parse_etl.lineage INFO 追溯表 mt_dim.dim_basic_role_zone_df 的上游表(共 22 张物理表):
2026-06-05 18:55:47,806 metawiki.parse_etl.lineage INFO     [d1] mt_dim.dim_basic_role_zone_df <= bi_test.dim_role_df_hdfs
2026-06-05 18:55:47,806 metawiki.parse_etl.lineage INFO     [d1] mt_dim.dim_basic_role_zone_df <= ml_ods.battleserver_battle_end
2026-06-05 18:55:47,806 metawiki.parse_etl.lineage INFO     [d1] mt_dim.dim_basic_role_zone_df <= mt_dim.dim_attr_account_df
2026-06-05 18:55:47,806 metawiki.parse_etl.lineage INFO     [d1] mt_dim.dim_basic_role_zone_df <= mt_dwm.dwm_active_role_zone_di
2026-06-05 18:55:47,806 metawiki.parse_etl.lineage INFO       [d2] mt_dim.dim_basic_role_zone_df <= bi_test.dim_attr_df_mla_hdfs
2026-06-05 18:55:47,806 metawiki.parse_etl.lineage INFO       [d2] mt_dim.dim_basic_role_zone_df <= bi_test.dim_attr_mlbb_hdfs
2026-06-05 18:55:47,806 metawiki.parse_etl.lineage INFO       [d2] mt_dim.dim_basic_role_zone_df <= mh_ods.accountserver_account_create
2026-06-05 18:55:47,996 metawiki.parse_etl.lineage INFO       [d2] mt_dim.dim_basic_role_zone_df <= mh_ods.gameserver_create_role
2026-06-05 18:55:47,997 metawiki.parse_etl.lineage INFO       [d2] mt_dim.dim_basic_role_zone_df <= ml_ods.connserver_client_configuration
2026-06-05 18:55:47,997 metawiki.parse_etl.lineage INFO       [d2] mt_dim.dim_basic_role_zone_df <= ml_ods.connserver_client_friend_login
2026-06-05 18:55:47,997 metawiki.parse_etl.lineage INFO       [d2] mt_dim.dim_basic_role_zone_df <= ml_ods.connserver_shareway
2026-06-05 18:55:47,997 metawiki.parse_etl.lineage INFO       [d2] mt_dim.dim_basic_role_zone_df <= ml_ods.gameserver_logout
2026-06-05 18:55:47,997 metawiki.parse_etl.lineage INFO       [d2] mt_dim.dim_basic_role_zone_df <= ml_ods.gameserver_sub_diamond
2026-06-05 18:55:47,997 metawiki.parse_etl.lineage INFO       [d2] mt_dim.dim_basic_role_zone_df <= ml_ods.loginserver_login_auth
2026-06-05 18:55:47,997 metawiki.parse_etl.lineage INFO       [d2] mt_dim.dim_basic_role_zone_df <= mt_dwd.config_country_area
2026-06-05 18:55:47,997 metawiki.parse_etl.lineage INFO       [d2] mt_dim.dim_basic_role_zone_df <= mt_dwd.dwd_account_attribution_df
2026-06-05 18:55:47,997 metawiki.parse_etl.lineage INFO       [d2] mt_dim.dim_basic_role_zone_df <= mt_dwd.dwd_login_di
2026-06-05 18:55:47,997 metawiki.parse_etl.lineage INFO         [d3] mt_dim.dim_basic_role_zone_df <= ml_ods.accountserver_account_create
2026-06-05 18:55:47,998 metawiki.parse_etl.lineage INFO         [d3] mt_dim.dim_basic_role_zone_df <= mt_dim.dim_basic_bind_account_di
2026-06-05 18:55:47,998 metawiki.parse_etl.lineage INFO         [d3] mt_dim.dim_basic_role_zone_df <= mt_dwd.dwd_account_create_df
2026-06-05 18:55:47,998 metawiki.parse_etl.lineage INFO           [d4] mt_dim.dim_basic_role_zone_df <= bi_test.dwd_account_create_df
2026-06-05 18:55:47,998 metawiki.parse_etl.lineage INFO           [d4] mt_dim.dim_basic_role_zone_df <= ml_ods.connserver_bindaccount_data
2026-06-05 19:58:00,504 metawiki.parse_etl.lineage INFO   …已落 JobModel 200 个
2026-06-05 20:00:50,670 metawiki.parse_etl.lineage INFO   …已落 JobModel 200 个
2026-06-05 20:05:08,158 metawiki.parse_etl.lineage INFO   …已落 JobModel 200 个
2026-06-08 17:24:52,748 metawiki.parse_etl.lineage INFO 字段 ml_temp.zqm_20240725_future_loss_login_feature.roleid  (job=job.100021528_0)
2026-06-08 17:24:52,749 metawiki.parse_etl.lineage INFO 递归血缘 1 跳:
2026-06-08 17:24:52,749 metawiki.parse_etl.lineage INFO   [d1] ml_temp.zqm_20240725_future_loss_login_feature.roleid <= t1.roleid [direct]
2026-06-08 17:24:52,749 metawiki.parse_etl.lineage INFO 整条链路 SQL:
WITH
t1 AS (
    SELECT
        roleid,
        zoneid
    FROM mt_dwm.dwm_active_role_zone_di AS dwm_active_role_zone_di
    WHERE logymd = '2026-03-30' AND zoneid < 57000 AND is_ai = 0
    GROUP BY roleid, zoneid
),
t3 AS (
    SELECT
        COUNT(DISTINCT logymd) AS active_days_7,
        roleid,
        zoneid
    FROM mt_dwm.dwm_active_role_zone_di AS dwm_active_role_zone_di
    WHERE logymd >= DATE_ADD('2026-03-30', 1) AND logymd <= DATE_ADD('2026-03-30', 7) AND zoneid < 57000
    GROUP BY roleid, zoneid
),
t4 AS (
    SELECT
        COUNT(DISTINCT logymd) AS active_days_14,
        roleid,
        zoneid
    FROM mt_dwm.dwm_active_role_zone_di AS dwm_active_role_zone_di
    WHERE logymd >= DATE_ADD('2026-03-30', 1) AND logymd <= DATE_ADD('2026-03-30', 14) AND zoneid < 57000
    GROUP BY roleid, zoneid
),
t5 AS (
    SELECT
        COUNT(DISTINCT logymd) AS active_days_21,
        roleid,
        zoneid
    FROM mt_dwm.dwm_active_role_zone_di AS dwm_active_role_zone_di
    WHERE logymd >= DATE_ADD('2026-03-30', 1) AND logymd <= DATE_ADD('2026-03-30', 21) AND zoneid < 57000
    GROUP BY roleid, zoneid
),
t6 AS (
    SELECT
        COUNT(DISTINCT logymd) AS active_days_30,
        roleid,
        zoneid
    FROM mt_dwm.dwm_active_role_zone_di AS dwm_active_role_zone_di
    WHERE logymd >= DATE_ADD('2026-03-30', 1) AND logymd <= DATE_ADD('2026-03-30', 30) AND zoneid < 57000
    GROUP BY roleid, zoneid
),
zqm_20240725_future_loss_login_feature AS (
    SELECT
        active_days_14 /* 未来14日（不含当日）活跃天数（不含当日） */,
        active_days_21 /* 未来21日（不含当日）活跃天数（不含当日） */,
        active_days_30 /* 未来30日（不含当日）活跃天数（不含当日） */,
        active_days_7 /* 未来7日（不含当日）活跃天数（不含当日） */,
        CASE WHEN active_days_14 IS NULL THEN 1 ELSE 0 END AS if_loss_14 /* 是否14日流失用户 */,
        CASE WHEN active_days_21 IS NULL THEN 1 ELSE 0 END AS if_loss_21 /* 是否21日流失用户 */,
        CASE WHEN active_days_30 IS NULL THEN 1 ELSE 0 END AS if_loss_30 /* 是否30日流失用户 */,
        CASE WHEN active_days_7 IS NULL THEN 1 ELSE 0 END AS if_loss_7 /* 是否7日流失用户（未来连续1-7天未活跃） */,
        t1.roleid,
        t1.zoneid
    FROM t1
    LEFT JOIN t3
        ON t1.roleid = t3.roleid AND t1.zoneid = t3.zoneid
    LEFT JOIN t4
        ON t1.roleid = t4.roleid AND t1.zoneid = t4.zoneid
    LEFT JOIN t5
        ON t1.roleid = t5.roleid AND t1.zoneid = t5.zoneid
    LEFT JOIN t6
        ON t1.roleid = t6.roleid AND t1.zoneid = t6.zoneid
    GROUP BY t1.roleid, t1.zoneid, active_days_7 /* 未来7日（不含当日）活跃天数（不含当日） */, active_days_14 /* 未来14日（不含当日）活跃天数（不含当日） */, active_days_21 /* 未来21日（不含当日）活跃天数（不含当日） */, active_days_30 /* 未来30日（不含当日）活跃天数（不含当日） */, CASE WHEN register_date = '2026-03-30' THEN 1 ELSE 0 END /* 是否当日新增 */, CASE WHEN active_days_7 IS NULL THEN 1 ELSE 0 END /* 是否7日流失用户（未来连续1-7天未活跃） */, CASE WHEN active_days_14 IS NULL THEN 1 ELSE 0 END /* 是否14日流失用户 */, CASE WHEN active_days_21 IS NULL THEN 1 ELSE 0 END /* 是否21日流失用户 */, CASE WHEN active_days_30 IS NULL THEN 1 ELSE 0 END /* 是否30日流失用户 */, CASE WHEN active_days_31 IS NULL THEN 1 ELSE 0 END /* 是否31日流失用户 */
)
SELECT
    zqm_20240725_future_loss_login_feature.active_days_14,
    zqm_20240725_future_loss_login_feature.active_days_21,
    zqm_20240725_future_loss_login_feature.active_days_30,
    zqm_20240725_future_loss_login_feature.active_days_7,
    zqm_20240725_future_loss_login_feature.if_loss_14,
    zqm_20240725_future_loss_login_feature.if_loss_21,
    zqm_20240725_future_loss_login_feature.if_loss_30,
    zqm_20240725_future_loss_login_feature.if_loss_7,
    zqm_20240725_future_loss_login_feature.roleid,
    zqm_20240725_future_loss_login_feature.zoneid
FROM zqm_20240725_future_loss_login_feature;
2026-06-08 17:35:47,301 metawiki.parse_etl.lineage INFO 字段 ml_temp.zqm_20240725_future_loss_login_feature.zoneid  (job=job.100021528_0)
2026-06-08 17:35:47,301 metawiki.parse_etl.lineage INFO 递归血缘 1 跳:
2026-06-08 17:35:47,301 metawiki.parse_etl.lineage INFO   [d1] ml_temp.zqm_20240725_future_loss_login_feature.zoneid <= t1.zoneid [direct]
2026-06-08 17:35:47,301 metawiki.parse_etl.lineage INFO 整条链路 SQL:
WITH
t1 AS (
    SELECT
        roleid,
        zoneid
    FROM mt_dwm.dwm_active_role_zone_di AS dwm_active_role_zone_di
    WHERE logymd = '2026-03-30' AND zoneid < 57000 AND is_ai = 0
    GROUP BY roleid, zoneid
),
t3 AS (
    SELECT
        COUNT(DISTINCT logymd) AS active_days_7,
        roleid,
        zoneid
    FROM mt_dwm.dwm_active_role_zone_di AS dwm_active_role_zone_di
    WHERE logymd >= DATE_ADD('2026-03-30', 1) AND logymd <= DATE_ADD('2026-03-30', 7) AND zoneid < 57000
    GROUP BY roleid, zoneid
),
t4 AS (
    SELECT
        COUNT(DISTINCT logymd) AS active_days_14,
        roleid,
        zoneid
    FROM mt_dwm.dwm_active_role_zone_di AS dwm_active_role_zone_di
    WHERE logymd >= DATE_ADD('2026-03-30', 1) AND logymd <= DATE_ADD('2026-03-30', 14) AND zoneid < 57000
    GROUP BY roleid, zoneid
),
t5 AS (
    SELECT
        COUNT(DISTINCT logymd) AS active_days_21,
        roleid,
        zoneid
    FROM mt_dwm.dwm_active_role_zone_di AS dwm_active_role_zone_di
    WHERE logymd >= DATE_ADD('2026-03-30', 1) AND logymd <= DATE_ADD('2026-03-30', 21) AND zoneid < 57000
    GROUP BY roleid, zoneid
),
t6 AS (
    SELECT
        COUNT(DISTINCT logymd) AS active_days_30,
        roleid,
        zoneid
    FROM mt_dwm.dwm_active_role_zone_di AS dwm_active_role_zone_di
    WHERE logymd >= DATE_ADD('2026-03-30', 1) AND logymd <= DATE_ADD('2026-03-30', 30) AND zoneid < 57000
    GROUP BY roleid, zoneid
),
zqm_20240725_future_loss_login_feature AS (
    SELECT
        active_days_14 /* 未来14日（不含当日）活跃天数（不含当日） */,
        active_days_21 /* 未来21日（不含当日）活跃天数（不含当日） */,
        active_days_30 /* 未来30日（不含当日）活跃天数（不含当日） */,
        active_days_7 /* 未来7日（不含当日）活跃天数（不含当日） */,
        CASE WHEN active_days_14 IS NULL THEN 1 ELSE 0 END AS if_loss_14 /* 是否14日流失用户 */,
        CASE WHEN active_days_21 IS NULL THEN 1 ELSE 0 END AS if_loss_21 /* 是否21日流失用户 */,
        CASE WHEN active_days_30 IS NULL THEN 1 ELSE 0 END AS if_loss_30 /* 是否30日流失用户 */,
        CASE WHEN active_days_7 IS NULL THEN 1 ELSE 0 END AS if_loss_7 /* 是否7日流失用户（未来连续1-7天未活跃） */,
        t1.roleid,
        t1.zoneid
    FROM t1
    LEFT JOIN t3
        ON t1.roleid = t3.roleid AND t1.zoneid = t3.zoneid
    LEFT JOIN t4
        ON t1.roleid = t4.roleid AND t1.zoneid = t4.zoneid
    LEFT JOIN t5
        ON t1.roleid = t5.roleid AND t1.zoneid = t5.zoneid
    LEFT JOIN t6
        ON t1.roleid = t6.roleid AND t1.zoneid = t6.zoneid
    GROUP BY t1.roleid, t1.zoneid, active_days_7 /* 未来7日（不含当日）活跃天数（不含当日） */, active_days_14 /* 未来14日（不含当日）活跃天数（不含当日） */, active_days_21 /* 未来21日（不含当日）活跃天数（不含当日） */, active_days_30 /* 未来30日（不含当日）活跃天数（不含当日） */, CASE WHEN register_date = '2026-03-30' THEN 1 ELSE 0 END /* 是否当日新增 */, CASE WHEN active_days_7 IS NULL THEN 1 ELSE 0 END /* 是否7日流失用户（未来连续1-7天未活跃） */, CASE WHEN active_days_14 IS NULL THEN 1 ELSE 0 END /* 是否14日流失用户 */, CASE WHEN active_days_21 IS NULL THEN 1 ELSE 0 END /* 是否21日流失用户 */, CASE WHEN active_days_30 IS NULL THEN 1 ELSE 0 END /* 是否30日流失用户 */, CASE WHEN active_days_31 IS NULL THEN 1 ELSE 0 END /* 是否31日流失用户 */
)
SELECT
    zqm_20240725_future_loss_login_feature.active_days_14,
    zqm_20240725_future_loss_login_feature.active_days_21,
    zqm_20240725_future_loss_login_feature.active_days_30,
    zqm_20240725_future_loss_login_feature.active_days_7,
    zqm_20240725_future_loss_login_feature.if_loss_14,
    zqm_20240725_future_loss_login_feature.if_loss_21,
    zqm_20240725_future_loss_login_feature.if_loss_30,
    zqm_20240725_future_loss_login_feature.if_loss_7,
    zqm_20240725_future_loss_login_feature.roleid,
    zqm_20240725_future_loss_login_feature.zoneid
FROM zqm_20240725_future_loss_login_feature;
2026-06-08 17:41:42,825 metawiki.parse_etl.lineage INFO   …已落 JobModel 200 个
2026-06-08 17:41:52,219 metawiki.parse_etl.lineage INFO   …已落 JobModel 400 个
2026-06-08 17:41:58,286 metawiki.parse_etl.lineage INFO   …已落 JobModel 600 个
2026-06-08 17:42:10,942 metawiki.parse_etl.lineage INFO   …已落 JobModel 800 个
2026-06-08 17:42:20,483 metawiki.parse_etl.lineage INFO   …已落 JobModel 1000 个
2026-06-08 17:42:33,478 metawiki.parse_etl.lineage INFO   …已落 JobModel 1200 个
2026-06-08 17:42:47,811 metawiki.parse_etl.lineage INFO   …已落 JobModel 1400 个
2026-06-08 17:43:00,666 metawiki.parse_etl.lineage INFO   …已落 JobModel 1600 个
2026-06-08 17:43:12,700 metawiki.parse_etl.lineage INFO   …已落 JobModel 1800 个
2026-06-08 17:43:28,693 metawiki.parse_etl.lineage INFO   …已落 JobModel 2000 个
2026-06-08 17:43:43,425 metawiki.parse_etl.lineage INFO   …已落 JobModel 2200 个
2026-06-08 17:43:56,066 metawiki.parse_etl.lineage INFO   …已落 JobModel 2400 个
2026-06-08 17:44:09,183 metawiki.parse_etl.lineage INFO   …已落 JobModel 2600 个
2026-06-08 18:11:25,692 metawiki.parse_etl.lineage INFO 字段 ml_temp.temp_active_retain_30activedays.amount  (job=job.100020000_0)
2026-06-08 18:11:25,693 metawiki.parse_etl.lineage INFO 递归血缘 3 跳:
2026-06-08 18:11:25,693 metawiki.parse_etl.lineage INFO   [d1] ml_temp.temp_active_retain_30activedays.amount <= a.charge_amt_total [aggregated]
2026-06-08 18:11:25,693 metawiki.parse_etl.lineage INFO   [d2] a.charge_amt_total <= a.charge_amt_total [direct]
2026-06-08 18:11:25,693 metawiki.parse_etl.lineage INFO   [d3] a.charge_amt_total <= mt_dm.dm_active_pay_role_zone_di.charge_amt_total [direct]
2026-06-08 18:11:25,693 metawiki.parse_etl.lineage INFO 整条链路 SQL:
WITH
a AS (
    SELECT
        active_date_diff,
        charge_amt_total,
        is_active,
        logymd,
        roleid,
        CASE WHEN register_date_diff < 0 THEN '无信息' WHEN register_date_diff = 0 THEN '0' WHEN register_date_diff <= 6 THEN '[1,6]' WHEN register_date_diff <= 29 THEN '[7,29]' WHEN register_date_diff <= 89 THEN '[30,89]' WHEN register_date_diff <= 179 THEN '[90,179]' WHEN register_date_diff <= 359 THEN '[180,359]' WHEN register_date_diff <= 719 THEN '[360,719]' WHEN register_date_diff >= 720 THEN '[720,)' ELSE '无信息' END AS user_period,
        zoneid
    FROM mt_dm.dm_active_pay_role_zone_di AS dm_active_pay_role_zone_di
    WHERE active_date = '2026-05-30' AND logymd IN ('2026-05-30', '2026-05-29', '2026-05-28', '2026-05-24', '2026-05-17', '2026-05-01', '2026-03-02') AND active_date_diff IN (0, 1, 2, 6, 13, 29, 89)
),
b AS (
    SELECT
        MAX(LEVEL) AS day_max_level,
        logymd,
        roleid,
        zoneid
    FROM mt_dwm.dwm_active_role_zone_di AS dwm_active_role_zone_di
    WHERE zoneid < 57000 AND is_ai = 0 AND logymd IN ('2026-05-30', '2026-05-29', '2026-05-28', '2026-05-24', '2026-05-17', '2026-05-01', '2026-03-02') AND appid = 'mlbb'
    GROUP BY roleid, zoneid, logymd
),
c AS (
    SELECT
        create_os,
        LOWER(first_mt_country) AS first_mt_country,
        first_network_name,
        CASE WHEN new_type = 1 THEN '小号回流新增' WHEN new_type = 2 THEN '模拟器新增' WHEN new_type = 3 THEN '纯净新增' WHEN new_type = 4 THEN '切换设备换绑' WHEN new_type = 5 THEN '小号新增' ELSE '无信息' END AS new_type,
        roleid,
        zoneid
    FROM mt_dim.dim_basic_role_zone_df AS dim_basic_role_zone_df
    WHERE logymd = IF('2026-05-30' < '2023-01-01', '2023-01-01', '2026-05-30') AND appid = 'mlbb' AND zoneid < 57000 AND is_ai = 0
    GROUP BY roleid, zoneid, LOWER(first_mt_country), create_os, first_network_name, CASE WHEN new_type = 1 THEN '小号回流新增' WHEN new_type = 2 THEN '模拟器新增' WHEN new_type = 3 THEN '纯净新增' WHEN new_type = 4 THEN '切换设备换绑' WHEN new_type = 5 THEN '小号新增' ELSE '无信息' END
),
d AS (
    SELECT
        country,
        lower
    FROM mt_dim.dim_national_geographic_atlas_config AS dim_national_geographic_atlas_config
),
e AS (
    SELECT
        his_activedays AS his_activedays_before_1,
        logymd,
        roleid,
        zoneid
    FROM mt_dwm.dwm_active_role_zone_df AS dwm_active_role_zone_df
    WHERE logymd IN ('2026-05-29', '2026-05-28', '2026-05-27', '2026-05-23', '2026-05-16', '2026-04-30', '2026-03-01') AND appid = 'mlbb' AND zoneid < 57000
    GROUP BY logymd, roleid, zoneid, his_activedays AS his_activedays_before_1
),
f AS (
    SELECT
        his_activedays AS his_activedays_before_31,
        logymd,
        roleid,
        zoneid
    FROM mt_dwm.dwm_active_role_zone_df AS dwm_active_role_zone_df
    WHERE logymd IN ('2026-04-29', '2026-04-28', '2026-04-27', '2026-04-23', '2026-04-16', '2026-03-31', '2026-01-30') AND appid = 'mlbb' AND zoneid < 57000
    GROUP BY logymd, roleid, zoneid, his_activedays AS his_activedays_before_31
),
a AS (
    SELECT
        a.active_date_diff,
        (COALESCE(e.his_activedays_before_1, 0) - COALESCE(f.his_activedays_before_31, 0)) AS active_days,
        a.charge_amt_total,
        d.country,
        c.create_os,
        b.day_max_level,
        c.first_network_name,
        a.is_active,
        a.logymd,
        c.new_type,
        a.roleid,
        a.user_period,
        a.zoneid
    FROM a
    LEFT JOIN b
        ON a.roleid = b.roleid AND a.zoneid = b.zoneid AND a.logymd = b.logymd
    LEFT JOIN c
        ON a.roleid = c.roleid AND a.zoneid = c.zoneid
    LEFT JOIN d
        ON c.first_mt_country = d.lower
    LEFT JOIN e
        ON a.roleid = e.roleid AND a.zoneid = e.zoneid AND a.logymd = DATE_ADD(e.logymd, 1) /* -------------匹配业务日期前1天历史累计活跃天数 */
    LEFT JOIN f
        ON a.roleid = f.roleid AND a.zoneid = f.zoneid AND a.logymd = DATE_ADD(f.logymd, 31) /* -------------匹配业务日期前31天历史累计活跃天数 */
    GROUP BY a.logymd, a.roleid, a.zoneid, b.day_max_level, d.country, c.new_type, a.is_active, a.charge_amt_total, a.user_period, a.active_date_diff, c.create_os, c.first_network_name, (COALESCE(e.his_activedays_before_1, 0) - COALESCE(f.his_activedays_before_31, 0)) AS active_days
),
temp_active_retain_30activedays AS (
    SELECT
        active_date_diff,
        CASE WHEN active_days = 0 THEN '0' WHEN active_days BETWEEN 1 AND 2 THEN '[1,2]' WHEN active_days BETWEEN 3 AND 8 THEN '[3,8]' WHEN active_days BETWEEN 9 AND 17 THEN '[9,17]' WHEN active_days BETWEEN 18 AND 25 THEN '[18,25]' WHEN active_days BETWEEN 26 AND 30 THEN '[26,30]' ELSE '无信息' END AS active_days /* 前30天活跃天数分层 */,
        SUM(charge_amt_total) AS amount /* [logymd,logymd + active_date_diff]，区间内总付费（美分） */,
        CASE WHEN country IS NULL THEN '无信息' ELSE country END AS country,
        create_os,
        CASE WHEN day_max_level BETWEEN 1 AND 10 THEN '[1,10]' WHEN day_max_level BETWEEN 11 AND 20 THEN '[11,20]' WHEN day_max_level BETWEEN 21 AND 30 THEN '[21,30]' WHEN day_max_level BETWEEN 31 AND 40 THEN '[31,40]' WHEN day_max_level BETWEEN 41 AND 50 THEN '[41,50]' WHEN day_max_level BETWEEN 51 AND 60 THEN '[51,60]' WHEN day_max_level BETWEEN 61 AND 70 THEN '[61,70]' WHEN day_max_level BETWEEN 71 AND 80 THEN '[71,80]' WHEN day_max_level BETWEEN 81 AND 90 THEN '[81,90]' WHEN day_max_level BETWEEN 91 AND 100 THEN '[91,100]' WHEN day_max_level >= 101 THEN '[101,)' ELSE '无信息' END AS day_max_level,
        first_network_name,
        is_active,
        logymd /* 活跃日期 */,
        new_type,
        user_period,
        COUNT(DISTINCT roleid, zoneid) AS usercnt /* 角色数 */
    FROM a
    GROUP BY logymd /* 活跃日期 */, active_date_diff, is_active, CASE WHEN day_max_level BETWEEN 1 AND 10 THEN '[1,10]' WHEN day_max_level BETWEEN 11 AND 20 THEN '[11,20]' WHEN day_max_level BETWEEN 21 AND 30 THEN '[21,30]' WHEN day_max_level BETWEEN 31 AND 40 THEN '[31,40]' WHEN day_max_level BETWEEN 41 AND 50 THEN '[41,50]' WHEN day_max_level BETWEEN 51 AND 60 THEN '[51,60]' WHEN day_max_level BETWEEN 61 AND 70 THEN '[61,70]' WHEN day_max_level BETWEEN 71 AND 80 THEN '[71,80]' WHEN day_max_level BETWEEN 81 AND 90 THEN '[81,90]' WHEN day_max_level BETWEEN 91 AND 100 THEN '[91,100]' WHEN day_max_level >= 101 THEN '[101,)' ELSE '无信息' END, CASE WHEN country IS NULL THEN '无信息' ELSE country END, new_type, user_period, create_os, first_network_name, CASE WHEN active_days = 0 THEN '0' WHEN active_days BETWEEN 1 AND 2 THEN '[1,2]' WHEN active_days BETWEEN 3 AND 8 THEN '[3,8]' WHEN active_days BETWEEN 9 AND 17 THEN '[9,17]' WHEN active_days BETWEEN 18 AND 25 THEN '[18,25]' WHEN active_days BETWEEN 26 AND 30 THEN '[26,30]' ELSE '无信息' END
)
SELECT
    temp_active_retain_30activedays.active_date_diff,
    temp_active_retain_30activedays.active_days,
    temp_active_retain_30activedays.amount,
    temp_active_retain_30activedays.country,
    temp_active_retain_30activedays.create_os,
    temp_active_retain_30activedays.day_max_level,
    temp_active_retain_30activedays.first_network_name,
    temp_active_retain_30activedays.is_active,
    temp_active_retain_30activedays.logymd,
    temp_active_retain_30activedays.new_type,
    temp_active_retain_30activedays.user_period,
    temp_active_retain_30activedays.usercnt
FROM temp_active_retain_30activedays;
2026-06-08 19:30:19,296 metawiki.parse_etl.lineage INFO 字段 ml_temp.temp_active_retain_30activedays.amount  (job=job.100020000_0)
2026-06-08 19:30:19,296 metawiki.parse_etl.lineage INFO 递归血缘 3 跳:
2026-06-08 19:30:19,296 metawiki.parse_etl.lineage INFO   [d1] ml_temp.temp_active_retain_30activedays.amount <= a.charge_amt_total [aggregated]
2026-06-08 19:30:19,297 metawiki.parse_etl.lineage INFO   [d2] a.charge_amt_total <= a.charge_amt_total [direct]
2026-06-08 19:30:19,297 metawiki.parse_etl.lineage INFO   [d3] a.charge_amt_total <= mt_dm.dm_active_pay_role_zone_di.charge_amt_total [direct]
2026-06-08 19:30:19,297 metawiki.parse_etl.lineage INFO 整条链路 SQL:
WITH
a AS (
    SELECT
        active_date_diff,
        charge_amt_total,
        is_active,
        logymd,
        roleid,
        CASE WHEN register_date_diff < 0 THEN '无信息' WHEN register_date_diff = 0 THEN '0' WHEN register_date_diff <= 6 THEN '[1,6]' WHEN register_date_diff <= 29 THEN '[7,29]' WHEN register_date_diff <= 89 THEN '[30,89]' WHEN register_date_diff <= 179 THEN '[90,179]' WHEN register_date_diff <= 359 THEN '[180,359]' WHEN register_date_diff <= 719 THEN '[360,719]' WHEN register_date_diff >= 720 THEN '[720,)' ELSE '无信息' END AS user_period,
        zoneid
    FROM mt_dm.dm_active_pay_role_zone_di AS dm_active_pay_role_zone_di
    WHERE active_date = '2026-05-30' AND logymd IN ('2026-05-30', '2026-05-29', '2026-05-28', '2026-05-24', '2026-05-17', '2026-05-01', '2026-03-02') AND active_date_diff IN (0, 1, 2, 6, 13, 29, 89)
),
b AS (
    SELECT
        MAX(LEVEL) AS day_max_level,
        logymd,
        roleid,
        zoneid
    FROM mt_dwm.dwm_active_role_zone_di AS dwm_active_role_zone_di
    WHERE zoneid < 57000 AND is_ai = 0 AND logymd IN ('2026-05-30', '2026-05-29', '2026-05-28', '2026-05-24', '2026-05-17', '2026-05-01', '2026-03-02') AND appid = 'mlbb'
    GROUP BY roleid, zoneid, logymd
),
c AS (
    SELECT
        create_os,
        LOWER(first_mt_country) AS first_mt_country,
        first_network_name,
        CASE WHEN new_type = 1 THEN '小号回流新增' WHEN new_type = 2 THEN '模拟器新增' WHEN new_type = 3 THEN '纯净新增' WHEN new_type = 4 THEN '切换设备换绑' WHEN new_type = 5 THEN '小号新增' ELSE '无信息' END AS new_type,
        roleid,
        zoneid
    FROM mt_dim.dim_basic_role_zone_df AS dim_basic_role_zone_df
    WHERE logymd = IF('2026-05-30' < '2023-01-01', '2023-01-01', '2026-05-30') AND appid = 'mlbb' AND zoneid < 57000 AND is_ai = 0
    GROUP BY roleid, zoneid, LOWER(first_mt_country), create_os, first_network_name, CASE WHEN new_type = 1 THEN '小号回流新增' WHEN new_type = 2 THEN '模拟器新增' WHEN new_type = 3 THEN '纯净新增' WHEN new_type = 4 THEN '切换设备换绑' WHEN new_type = 5 THEN '小号新增' ELSE '无信息' END
),
d AS (
    SELECT
        country,
        lower
    FROM mt_dim.dim_national_geographic_atlas_config AS dim_national_geographic_atlas_config
),
e AS (
    SELECT
        his_activedays AS his_activedays_before_1,
        logymd,
        roleid,
        zoneid
    FROM mt_dwm.dwm_active_role_zone_df AS dwm_active_role_zone_df
    WHERE logymd IN ('2026-05-29', '2026-05-28', '2026-05-27', '2026-05-23', '2026-05-16', '2026-04-30', '2026-03-01') AND appid = 'mlbb' AND zoneid < 57000
    GROUP BY logymd, roleid, zoneid, his_activedays AS his_activedays_before_1
),
f AS (
    SELECT
        his_activedays AS his_activedays_before_31,
        logymd,
        roleid,
        zoneid
    FROM mt_dwm.dwm_active_role_zone_df AS dwm_active_role_zone_df
    WHERE logymd IN ('2026-04-29', '2026-04-28', '2026-04-27', '2026-04-23', '2026-04-16', '2026-03-31', '2026-01-30') AND appid = 'mlbb' AND zoneid < 57000
    GROUP BY logymd, roleid, zoneid, his_activedays AS his_activedays_before_31
),
a AS (
    SELECT
        a.active_date_diff,
        (COALESCE(e.his_activedays_before_1, 0) - COALESCE(f.his_activedays_before_31, 0)) AS active_days,
        a.charge_amt_total,
        d.country,
        c.create_os,
        b.day_max_level,
        c.first_network_name,
        a.is_active,
        a.logymd,
        c.new_type,
        a.roleid,
        a.user_period,
        a.zoneid
    FROM a
    LEFT JOIN b
        ON a.roleid = b.roleid AND a.zoneid = b.zoneid AND a.logymd = b.logymd
    LEFT JOIN c
        ON a.roleid = c.roleid AND a.zoneid = c.zoneid
    LEFT JOIN d
        ON c.first_mt_country = d.lower
    LEFT JOIN e
        ON a.roleid = e.roleid AND a.zoneid = e.zoneid AND a.logymd = DATE_ADD(e.logymd, 1) /* -------------匹配业务日期前1天历史累计活跃天数 */
    LEFT JOIN f
        ON a.roleid = f.roleid AND a.zoneid = f.zoneid AND a.logymd = DATE_ADD(f.logymd, 31) /* -------------匹配业务日期前31天历史累计活跃天数 */
    GROUP BY a.logymd, a.roleid, a.zoneid, b.day_max_level, d.country, c.new_type, a.is_active, a.charge_amt_total, a.user_period, a.active_date_diff, c.create_os, c.first_network_name, (COALESCE(e.his_activedays_before_1, 0) - COALESCE(f.his_activedays_before_31, 0)) AS active_days
),
temp_active_retain_30activedays AS (
    SELECT
        active_date_diff,
        CASE WHEN active_days = 0 THEN '0' WHEN active_days BETWEEN 1 AND 2 THEN '[1,2]' WHEN active_days BETWEEN 3 AND 8 THEN '[3,8]' WHEN active_days BETWEEN 9 AND 17 THEN '[9,17]' WHEN active_days BETWEEN 18 AND 25 THEN '[18,25]' WHEN active_days BETWEEN 26 AND 30 THEN '[26,30]' ELSE '无信息' END AS active_days /* 前30天活跃天数分层 */,
        SUM(charge_amt_total) AS amount /* [logymd,logymd + active_date_diff]，区间内总付费（美分） */,
        CASE WHEN country IS NULL THEN '无信息' ELSE country END AS country,
        create_os,
        CASE WHEN day_max_level BETWEEN 1 AND 10 THEN '[1,10]' WHEN day_max_level BETWEEN 11 AND 20 THEN '[11,20]' WHEN day_max_level BETWEEN 21 AND 30 THEN '[21,30]' WHEN day_max_level BETWEEN 31 AND 40 THEN '[31,40]' WHEN day_max_level BETWEEN 41 AND 50 THEN '[41,50]' WHEN day_max_level BETWEEN 51 AND 60 THEN '[51,60]' WHEN day_max_level BETWEEN 61 AND 70 THEN '[61,70]' WHEN day_max_level BETWEEN 71 AND 80 THEN '[71,80]' WHEN day_max_level BETWEEN 81 AND 90 THEN '[81,90]' WHEN day_max_level BETWEEN 91 AND 100 THEN '[91,100]' WHEN day_max_level >= 101 THEN '[101,)' ELSE '无信息' END AS day_max_level,
        first_network_name,
        is_active,
        logymd /* 活跃日期 */,
        new_type,
        user_period,
        COUNT(DISTINCT roleid, zoneid) AS usercnt /* 角色数 */
    FROM a
    GROUP BY logymd /* 活跃日期 */, active_date_diff, is_active, CASE WHEN day_max_level BETWEEN 1 AND 10 THEN '[1,10]' WHEN day_max_level BETWEEN 11 AND 20 THEN '[11,20]' WHEN day_max_level BETWEEN 21 AND 30 THEN '[21,30]' WHEN day_max_level BETWEEN 31 AND 40 THEN '[31,40]' WHEN day_max_level BETWEEN 41 AND 50 THEN '[41,50]' WHEN day_max_level BETWEEN 51 AND 60 THEN '[51,60]' WHEN day_max_level BETWEEN 61 AND 70 THEN '[61,70]' WHEN day_max_level BETWEEN 71 AND 80 THEN '[71,80]' WHEN day_max_level BETWEEN 81 AND 90 THEN '[81,90]' WHEN day_max_level BETWEEN 91 AND 100 THEN '[91,100]' WHEN day_max_level >= 101 THEN '[101,)' ELSE '无信息' END, CASE WHEN country IS NULL THEN '无信息' ELSE country END, new_type, user_period, create_os, first_network_name, CASE WHEN active_days = 0 THEN '0' WHEN active_days BETWEEN 1 AND 2 THEN '[1,2]' WHEN active_days BETWEEN 3 AND 8 THEN '[3,8]' WHEN active_days BETWEEN 9 AND 17 THEN '[9,17]' WHEN active_days BETWEEN 18 AND 25 THEN '[18,25]' WHEN active_days BETWEEN 26 AND 30 THEN '[26,30]' ELSE '无信息' END
)
SELECT
    temp_active_retain_30activedays.active_date_diff,
    temp_active_retain_30activedays.active_days,
    temp_active_retain_30activedays.amount,
    temp_active_retain_30activedays.country,
    temp_active_retain_30activedays.create_os,
    temp_active_retain_30activedays.day_max_level,
    temp_active_retain_30activedays.first_network_name,
    temp_active_retain_30activedays.is_active,
    temp_active_retain_30activedays.logymd,
    temp_active_retain_30activedays.new_type,
    temp_active_retain_30activedays.user_period,
    temp_active_retain_30activedays.usercnt
FROM temp_active_retain_30activedays;
2026-06-08 19:31:47,757 metawiki.parse_etl.lineage INFO 字段 ml_temp.temp_active_retain_30activedays.amount  (job=job.100020000_0)
2026-06-08 19:31:47,757 metawiki.parse_etl.lineage INFO 递归血缘 3 跳:
2026-06-08 19:31:47,757 metawiki.parse_etl.lineage INFO   [d1] ml_temp.temp_active_retain_30activedays.amount <= a.charge_amt_total [aggregated]
2026-06-08 19:31:47,757 metawiki.parse_etl.lineage INFO   [d2] a.charge_amt_total <= a.charge_amt_total [direct]
2026-06-08 19:31:47,757 metawiki.parse_etl.lineage INFO   [d3] a.charge_amt_total <= mt_dm.dm_active_pay_role_zone_di.charge_amt_total [direct]
2026-06-08 19:31:47,757 metawiki.parse_etl.lineage INFO 整条链路 SQL:
WITH
a AS (
    SELECT
        active_date_diff,
        charge_amt_total,
        is_active,
        logymd,
        roleid,
        CASE WHEN register_date_diff < 0 THEN '无信息' WHEN register_date_diff = 0 THEN '0' WHEN register_date_diff <= 6 THEN '[1,6]' WHEN register_date_diff <= 29 THEN '[7,29]' WHEN register_date_diff <= 89 THEN '[30,89]' WHEN register_date_diff <= 179 THEN '[90,179]' WHEN register_date_diff <= 359 THEN '[180,359]' WHEN register_date_diff <= 719 THEN '[360,719]' WHEN register_date_diff >= 720 THEN '[720,)' ELSE '无信息' END AS user_period,
        zoneid
    FROM mt_dm.dm_active_pay_role_zone_di AS dm_active_pay_role_zone_di
    WHERE active_date = '2026-05-30' AND logymd IN ('2026-05-30', '2026-05-29', '2026-05-28', '2026-05-24', '2026-05-17', '2026-05-01', '2026-03-02') AND active_date_diff IN (0, 1, 2, 6, 13, 29, 89)
),
b AS (
    SELECT
        MAX(LEVEL) AS day_max_level,
        logymd,
        roleid,
        zoneid
    FROM mt_dwm.dwm_active_role_zone_di AS dwm_active_role_zone_di
    WHERE zoneid < 57000 AND is_ai = 0 AND logymd IN ('2026-05-30', '2026-05-29', '2026-05-28', '2026-05-24', '2026-05-17', '2026-05-01', '2026-03-02') AND appid = 'mlbb'
    GROUP BY roleid, zoneid, logymd
),
c AS (
    SELECT
        create_os,
        LOWER(first_mt_country) AS first_mt_country,
        first_network_name,
        CASE WHEN new_type = 1 THEN '小号回流新增' WHEN new_type = 2 THEN '模拟器新增' WHEN new_type = 3 THEN '纯净新增' WHEN new_type = 4 THEN '切换设备换绑' WHEN new_type = 5 THEN '小号新增' ELSE '无信息' END AS new_type,
        roleid,
        zoneid
    FROM mt_dim.dim_basic_role_zone_df AS dim_basic_role_zone_df
    WHERE logymd = IF('2026-05-30' < '2023-01-01', '2023-01-01', '2026-05-30') AND appid = 'mlbb' AND zoneid < 57000 AND is_ai = 0
    GROUP BY roleid, zoneid, LOWER(first_mt_country), create_os, first_network_name, CASE WHEN new_type = 1 THEN '小号回流新增' WHEN new_type = 2 THEN '模拟器新增' WHEN new_type = 3 THEN '纯净新增' WHEN new_type = 4 THEN '切换设备换绑' WHEN new_type = 5 THEN '小号新增' ELSE '无信息' END
),
d AS (
    SELECT
        country,
        lower
    FROM mt_dim.dim_national_geographic_atlas_config AS dim_national_geographic_atlas_config
),
e AS (
    SELECT
        his_activedays AS his_activedays_before_1,
        logymd,
        roleid,
        zoneid
    FROM mt_dwm.dwm_active_role_zone_df AS dwm_active_role_zone_df
    WHERE logymd IN ('2026-05-29', '2026-05-28', '2026-05-27', '2026-05-23', '2026-05-16', '2026-04-30', '2026-03-01') AND appid = 'mlbb' AND zoneid < 57000
    GROUP BY logymd, roleid, zoneid, his_activedays AS his_activedays_before_1
),
f AS (
    SELECT
        his_activedays AS his_activedays_before_31,
        logymd,
        roleid,
        zoneid
    FROM mt_dwm.dwm_active_role_zone_df AS dwm_active_role_zone_df
    WHERE logymd IN ('2026-04-29', '2026-04-28', '2026-04-27', '2026-04-23', '2026-04-16', '2026-03-31', '2026-01-30') AND appid = 'mlbb' AND zoneid < 57000
    GROUP BY logymd, roleid, zoneid, his_activedays AS his_activedays_before_31
),
a AS (
    SELECT
        a.active_date_diff,
        (COALESCE(e.his_activedays_before_1, 0) - COALESCE(f.his_activedays_before_31, 0)) AS active_days,
        a.charge_amt_total,
        d.country,
        c.create_os,
        b.day_max_level,
        c.first_network_name,
        a.is_active,
        a.logymd,
        c.new_type,
        a.roleid,
        a.user_period,
        a.zoneid
    FROM a
    LEFT JOIN b
        ON a.roleid = b.roleid AND a.zoneid = b.zoneid AND a.logymd = b.logymd
    LEFT JOIN c
        ON a.roleid = c.roleid AND a.zoneid = c.zoneid
    LEFT JOIN d
        ON c.first_mt_country = d.lower
    LEFT JOIN e
        ON a.roleid = e.roleid AND a.zoneid = e.zoneid AND a.logymd = DATE_ADD(e.logymd, 1) /* -------------匹配业务日期前1天历史累计活跃天数 */
    LEFT JOIN f
        ON a.roleid = f.roleid AND a.zoneid = f.zoneid AND a.logymd = DATE_ADD(f.logymd, 31) /* -------------匹配业务日期前31天历史累计活跃天数 */
    GROUP BY a.logymd, a.roleid, a.zoneid, b.day_max_level, d.country, c.new_type, a.is_active, a.charge_amt_total, a.user_period, a.active_date_diff, c.create_os, c.first_network_name, (COALESCE(e.his_activedays_before_1, 0) - COALESCE(f.his_activedays_before_31, 0)) AS active_days
),
temp_active_retain_30activedays AS (
    SELECT
        active_date_diff,
        CASE WHEN active_days = 0 THEN '0' WHEN active_days BETWEEN 1 AND 2 THEN '[1,2]' WHEN active_days BETWEEN 3 AND 8 THEN '[3,8]' WHEN active_days BETWEEN 9 AND 17 THEN '[9,17]' WHEN active_days BETWEEN 18 AND 25 THEN '[18,25]' WHEN active_days BETWEEN 26 AND 30 THEN '[26,30]' ELSE '无信息' END AS active_days /* 前30天活跃天数分层 */,
        SUM(charge_amt_total) AS amount /* [logymd,logymd + active_date_diff]，区间内总付费（美分） */,
        CASE WHEN country IS NULL THEN '无信息' ELSE country END AS country,
        create_os,
        CASE WHEN day_max_level BETWEEN 1 AND 10 THEN '[1,10]' WHEN day_max_level BETWEEN 11 AND 20 THEN '[11,20]' WHEN day_max_level BETWEEN 21 AND 30 THEN '[21,30]' WHEN day_max_level BETWEEN 31 AND 40 THEN '[31,40]' WHEN day_max_level BETWEEN 41 AND 50 THEN '[41,50]' WHEN day_max_level BETWEEN 51 AND 60 THEN '[51,60]' WHEN day_max_level BETWEEN 61 AND 70 THEN '[61,70]' WHEN day_max_level BETWEEN 71 AND 80 THEN '[71,80]' WHEN day_max_level BETWEEN 81 AND 90 THEN '[81,90]' WHEN day_max_level BETWEEN 91 AND 100 THEN '[91,100]' WHEN day_max_level >= 101 THEN '[101,)' ELSE '无信息' END AS day_max_level,
        first_network_name,
        is_active,
        logymd /* 活跃日期 */,
        new_type,
        user_period,
        COUNT(DISTINCT roleid, zoneid) AS usercnt /* 角色数 */
    FROM a
    GROUP BY logymd /* 活跃日期 */, active_date_diff, is_active, CASE WHEN day_max_level BETWEEN 1 AND 10 THEN '[1,10]' WHEN day_max_level BETWEEN 11 AND 20 THEN '[11,20]' WHEN day_max_level BETWEEN 21 AND 30 THEN '[21,30]' WHEN day_max_level BETWEEN 31 AND 40 THEN '[31,40]' WHEN day_max_level BETWEEN 41 AND 50 THEN '[41,50]' WHEN day_max_level BETWEEN 51 AND 60 THEN '[51,60]' WHEN day_max_level BETWEEN 61 AND 70 THEN '[61,70]' WHEN day_max_level BETWEEN 71 AND 80 THEN '[71,80]' WHEN day_max_level BETWEEN 81 AND 90 THEN '[81,90]' WHEN day_max_level BETWEEN 91 AND 100 THEN '[91,100]' WHEN day_max_level >= 101 THEN '[101,)' ELSE '无信息' END, CASE WHEN country IS NULL THEN '无信息' ELSE country END, new_type, user_period, create_os, first_network_name, CASE WHEN active_days = 0 THEN '0' WHEN active_days BETWEEN 1 AND 2 THEN '[1,2]' WHEN active_days BETWEEN 3 AND 8 THEN '[3,8]' WHEN active_days BETWEEN 9 AND 17 THEN '[9,17]' WHEN active_days BETWEEN 18 AND 25 THEN '[18,25]' WHEN active_days BETWEEN 26 AND 30 THEN '[26,30]' ELSE '无信息' END
)
SELECT
    temp_active_retain_30activedays.active_date_diff,
    temp_active_retain_30activedays.active_days,
    temp_active_retain_30activedays.amount,
    temp_active_retain_30activedays.country,
    temp_active_retain_30activedays.create_os,
    temp_active_retain_30activedays.day_max_level,
    temp_active_retain_30activedays.first_network_name,
    temp_active_retain_30activedays.is_active,
    temp_active_retain_30activedays.logymd,
    temp_active_retain_30activedays.new_type,
    temp_active_retain_30activedays.user_period,
    temp_active_retain_30activedays.usercnt
FROM temp_active_retain_30activedays;
2026-06-08 19:39:16,954 metawiki.parse_etl.lineage INFO 字段 ml_temp.temp_active_retain_30activedays.amount  (job=job.100020000_0)
2026-06-08 19:39:16,954 metawiki.parse_etl.lineage INFO 递归血缘 3 跳:
2026-06-08 19:39:16,954 metawiki.parse_etl.lineage INFO   [d1] ml_temp.temp_active_retain_30activedays.amount <= a.charge_amt_total [aggregated]
2026-06-08 19:39:16,954 metawiki.parse_etl.lineage INFO   [d2] a.charge_amt_total <= a.charge_amt_total [direct]
2026-06-08 19:39:16,955 metawiki.parse_etl.lineage INFO   [d3] a.charge_amt_total <= mt_dm.dm_active_pay_role_zone_di.charge_amt_total [direct]
2026-06-08 19:39:16,955 metawiki.parse_etl.lineage INFO 整条链路 SQL:
WITH
a AS (
    SELECT
        active_date_diff,
        charge_amt_total,
        is_active,
        logymd,
        roleid,
        CASE WHEN register_date_diff < 0 THEN '无信息' WHEN register_date_diff = 0 THEN '0' WHEN register_date_diff <= 6 THEN '[1,6]' WHEN register_date_diff <= 29 THEN '[7,29]' WHEN register_date_diff <= 89 THEN '[30,89]' WHEN register_date_diff <= 179 THEN '[90,179]' WHEN register_date_diff <= 359 THEN '[180,359]' WHEN register_date_diff <= 719 THEN '[360,719]' WHEN register_date_diff >= 720 THEN '[720,)' ELSE '无信息' END AS user_period,
        zoneid
    FROM mt_dm.dm_active_pay_role_zone_di AS dm_active_pay_role_zone_di
    WHERE active_date = '2026-05-30' AND logymd IN ('2026-05-30', '2026-05-29', '2026-05-28', '2026-05-24', '2026-05-17', '2026-05-01', '2026-03-02') AND active_date_diff IN (0, 1, 2, 6, 13, 29, 89)
),
b AS (
    SELECT
        MAX(LEVEL) AS day_max_level,
        logymd,
        roleid,
        zoneid
    FROM mt_dwm.dwm_active_role_zone_di AS dwm_active_role_zone_di
    WHERE zoneid < 57000 AND is_ai = 0 AND logymd IN ('2026-05-30', '2026-05-29', '2026-05-28', '2026-05-24', '2026-05-17', '2026-05-01', '2026-03-02') AND appid = 'mlbb'
    GROUP BY roleid, zoneid, logymd
),
c AS (
    SELECT
        create_os,
        LOWER(first_mt_country) AS first_mt_country,
        first_network_name,
        CASE WHEN new_type = 1 THEN '小号回流新增' WHEN new_type = 2 THEN '模拟器新增' WHEN new_type = 3 THEN '纯净新增' WHEN new_type = 4 THEN '切换设备换绑' WHEN new_type = 5 THEN '小号新增' ELSE '无信息' END AS new_type,
        roleid,
        zoneid
    FROM mt_dim.dim_basic_role_zone_df AS dim_basic_role_zone_df
    WHERE logymd = IF('2026-05-30' < '2023-01-01', '2023-01-01', '2026-05-30') AND appid = 'mlbb' AND zoneid < 57000 AND is_ai = 0
    GROUP BY roleid, zoneid, LOWER(first_mt_country), create_os, first_network_name, CASE WHEN new_type = 1 THEN '小号回流新增' WHEN new_type = 2 THEN '模拟器新增' WHEN new_type = 3 THEN '纯净新增' WHEN new_type = 4 THEN '切换设备换绑' WHEN new_type = 5 THEN '小号新增' ELSE '无信息' END
),
d AS (
    SELECT
        country,
        lower
    FROM mt_dim.dim_national_geographic_atlas_config AS dim_national_geographic_atlas_config
),
e AS (
    SELECT
        his_activedays AS his_activedays_before_1,
        logymd,
        roleid,
        zoneid
    FROM mt_dwm.dwm_active_role_zone_df AS dwm_active_role_zone_df
    WHERE logymd IN ('2026-05-29', '2026-05-28', '2026-05-27', '2026-05-23', '2026-05-16', '2026-04-30', '2026-03-01') AND appid = 'mlbb' AND zoneid < 57000
    GROUP BY logymd, roleid, zoneid, his_activedays
),
f AS (
    SELECT
        his_activedays AS his_activedays_before_31,
        logymd,
        roleid,
        zoneid
    FROM mt_dwm.dwm_active_role_zone_df AS dwm_active_role_zone_df
    WHERE logymd IN ('2026-04-29', '2026-04-28', '2026-04-27', '2026-04-23', '2026-04-16', '2026-03-31', '2026-01-30') AND appid = 'mlbb' AND zoneid < 57000
    GROUP BY logymd, roleid, zoneid, his_activedays
),
a AS (
    SELECT
        a.active_date_diff,
        (COALESCE(e.his_activedays_before_1, 0) - COALESCE(f.his_activedays_before_31, 0)) AS active_days,
        a.charge_amt_total,
        d.country,
        c.create_os,
        b.day_max_level,
        c.first_network_name,
        a.is_active,
        a.logymd,
        c.new_type,
        a.roleid,
        a.user_period,
        a.zoneid
    FROM a
    LEFT JOIN b
        ON a.roleid = b.roleid AND a.zoneid = b.zoneid AND a.logymd = b.logymd
    LEFT JOIN c
        ON a.roleid = c.roleid AND a.zoneid = c.zoneid
    LEFT JOIN d
        ON c.first_mt_country = d.lower
    LEFT JOIN e
        ON a.roleid = e.roleid AND a.zoneid = e.zoneid AND a.logymd = DATE_ADD(e.logymd, 1) /* -------------匹配业务日期前1天历史累计活跃天数 */
    LEFT JOIN f
        ON a.roleid = f.roleid AND a.zoneid = f.zoneid AND a.logymd = DATE_ADD(f.logymd, 31) /* -------------匹配业务日期前31天历史累计活跃天数 */
    GROUP BY a.logymd, a.roleid, a.zoneid, b.day_max_level, d.country, c.new_type, a.is_active, a.charge_amt_total, a.user_period, a.active_date_diff, c.create_os, c.first_network_name, (COALESCE(e.his_activedays_before_1, 0) - COALESCE(f.his_activedays_before_31, 0))
),
temp_active_retain_30activedays AS (
    SELECT
        active_date_diff,
        CASE WHEN active_days = 0 THEN '0' WHEN active_days BETWEEN 1 AND 2 THEN '[1,2]' WHEN active_days BETWEEN 3 AND 8 THEN '[3,8]' WHEN active_days BETWEEN 9 AND 17 THEN '[9,17]' WHEN active_days BETWEEN 18 AND 25 THEN '[18,25]' WHEN active_days BETWEEN 26 AND 30 THEN '[26,30]' ELSE '无信息' END AS active_days /* 前30天活跃天数分层 */,
        SUM(charge_amt_total) AS amount /* [logymd,logymd + active_date_diff]，区间内总付费（美分） */,
        CASE WHEN country IS NULL THEN '无信息' ELSE country END AS country,
        create_os,
        CASE WHEN day_max_level BETWEEN 1 AND 10 THEN '[1,10]' WHEN day_max_level BETWEEN 11 AND 20 THEN '[11,20]' WHEN day_max_level BETWEEN 21 AND 30 THEN '[21,30]' WHEN day_max_level BETWEEN 31 AND 40 THEN '[31,40]' WHEN day_max_level BETWEEN 41 AND 50 THEN '[41,50]' WHEN day_max_level BETWEEN 51 AND 60 THEN '[51,60]' WHEN day_max_level BETWEEN 61 AND 70 THEN '[61,70]' WHEN day_max_level BETWEEN 71 AND 80 THEN '[71,80]' WHEN day_max_level BETWEEN 81 AND 90 THEN '[81,90]' WHEN day_max_level BETWEEN 91 AND 100 THEN '[91,100]' WHEN day_max_level >= 101 THEN '[101,)' ELSE '无信息' END AS day_max_level,
        first_network_name,
        is_active,
        logymd /* 活跃日期 */,
        new_type,
        user_period,
        COUNT(DISTINCT roleid, zoneid) AS usercnt /* 角色数 */
    FROM a
    GROUP BY logymd /* 活跃日期 */, active_date_diff, is_active, CASE WHEN day_max_level BETWEEN 1 AND 10 THEN '[1,10]' WHEN day_max_level BETWEEN 11 AND 20 THEN '[11,20]' WHEN day_max_level BETWEEN 21 AND 30 THEN '[21,30]' WHEN day_max_level BETWEEN 31 AND 40 THEN '[31,40]' WHEN day_max_level BETWEEN 41 AND 50 THEN '[41,50]' WHEN day_max_level BETWEEN 51 AND 60 THEN '[51,60]' WHEN day_max_level BETWEEN 61 AND 70 THEN '[61,70]' WHEN day_max_level BETWEEN 71 AND 80 THEN '[71,80]' WHEN day_max_level BETWEEN 81 AND 90 THEN '[81,90]' WHEN day_max_level BETWEEN 91 AND 100 THEN '[91,100]' WHEN day_max_level >= 101 THEN '[101,)' ELSE '无信息' END, CASE WHEN country IS NULL THEN '无信息' ELSE country END, new_type, user_period, create_os, first_network_name, CASE WHEN active_days = 0 THEN '0' WHEN active_days BETWEEN 1 AND 2 THEN '[1,2]' WHEN active_days BETWEEN 3 AND 8 THEN '[3,8]' WHEN active_days BETWEEN 9 AND 17 THEN '[9,17]' WHEN active_days BETWEEN 18 AND 25 THEN '[18,25]' WHEN active_days BETWEEN 26 AND 30 THEN '[26,30]' ELSE '无信息' END
)
SELECT
    temp_active_retain_30activedays.active_date_diff,
    temp_active_retain_30activedays.active_days,
    temp_active_retain_30activedays.amount,
    temp_active_retain_30activedays.country,
    temp_active_retain_30activedays.create_os,
    temp_active_retain_30activedays.day_max_level,
    temp_active_retain_30activedays.first_network_name,
    temp_active_retain_30activedays.is_active,
    temp_active_retain_30activedays.logymd,
    temp_active_retain_30activedays.new_type,
    temp_active_retain_30activedays.user_period,
    temp_active_retain_30activedays.usercnt
FROM temp_active_retain_30activedays;
2026-06-08 19:40:25,251 metawiki.parse_etl.lineage INFO   …已落 JobModel 200 个
2026-06-08 19:40:39,165 metawiki.parse_etl.lineage INFO   …已落 JobModel 400 个
2026-06-08 19:40:49,399 metawiki.parse_etl.lineage INFO   …已落 JobModel 600 个
2026-06-08 19:41:09,124 metawiki.parse_etl.lineage INFO   …已落 JobModel 800 个
2026-06-08 19:41:22,846 metawiki.parse_etl.lineage INFO   …已落 JobModel 1000 个
2026-06-08 19:41:40,074 metawiki.parse_etl.lineage INFO   …已落 JobModel 1200 个
2026-06-08 19:41:56,051 metawiki.parse_etl.lineage INFO   …已落 JobModel 1400 个
2026-06-08 19:42:12,340 metawiki.parse_etl.lineage INFO   …已落 JobModel 1600 个
2026-06-08 19:42:29,226 metawiki.parse_etl.lineage INFO   …已落 JobModel 1800 个
2026-06-08 19:42:48,764 metawiki.parse_etl.lineage INFO   …已落 JobModel 2000 个
2026-06-08 19:43:07,347 metawiki.parse_etl.lineage INFO   …已落 JobModel 2200 个
2026-06-08 19:43:26,658 metawiki.parse_etl.lineage INFO   …已落 JobModel 2400 个
2026-06-08 19:43:45,010 metawiki.parse_etl.lineage INFO   …已落 JobModel 2600 个
2026-06-08 19:44:22,845 metawiki.parse_etl.lineage INFO 字段 ml_temp.temp_active_retain_30activedays.amount  (job=job.100020000_0)
2026-06-08 19:44:22,845 metawiki.parse_etl.lineage INFO 递归血缘 3 跳:
2026-06-08 19:44:22,845 metawiki.parse_etl.lineage INFO   [d1] ml_temp.temp_active_retain_30activedays.amount <= a.charge_amt_total [aggregated]
2026-06-08 19:44:22,845 metawiki.parse_etl.lineage INFO   [d2] a.charge_amt_total <= a.charge_amt_total [direct]
2026-06-08 19:44:22,845 metawiki.parse_etl.lineage INFO   [d3] a.charge_amt_total <= mt_dm.dm_active_pay_role_zone_di.charge_amt_total [direct]
2026-06-08 19:44:22,845 metawiki.parse_etl.lineage INFO 整条链路 SQL:
WITH
a AS (
    SELECT
        active_date_diff,
        charge_amt_total,
        is_active,
        logymd,
        roleid,
        CASE WHEN register_date_diff < 0 THEN '无信息' WHEN register_date_diff = 0 THEN '0' WHEN register_date_diff <= 6 THEN '[1,6]' WHEN register_date_diff <= 29 THEN '[7,29]' WHEN register_date_diff <= 89 THEN '[30,89]' WHEN register_date_diff <= 179 THEN '[90,179]' WHEN register_date_diff <= 359 THEN '[180,359]' WHEN register_date_diff <= 719 THEN '[360,719]' WHEN register_date_diff >= 720 THEN '[720,)' ELSE '无信息' END AS user_period,
        zoneid
    FROM mt_dm.dm_active_pay_role_zone_di AS dm_active_pay_role_zone_di
    WHERE active_date = '2026-05-30' AND logymd IN ('2026-05-30', '2026-05-29', '2026-05-28', '2026-05-24', '2026-05-17', '2026-05-01', '2026-03-02') AND active_date_diff IN (0, 1, 2, 6, 13, 29, 89)
),
b AS (
    SELECT
        MAX(LEVEL) AS day_max_level,
        logymd,
        roleid,
        zoneid
    FROM mt_dwm.dwm_active_role_zone_di AS dwm_active_role_zone_di
    WHERE zoneid < 57000 AND is_ai = 0 AND logymd IN ('2026-05-30', '2026-05-29', '2026-05-28', '2026-05-24', '2026-05-17', '2026-05-01', '2026-03-02') AND appid = 'mlbb'
    GROUP BY roleid, zoneid, logymd
),
c AS (
    SELECT
        create_os,
        LOWER(first_mt_country) AS first_mt_country,
        first_network_name,
        CASE WHEN new_type = 1 THEN '小号回流新增' WHEN new_type = 2 THEN '模拟器新增' WHEN new_type = 3 THEN '纯净新增' WHEN new_type = 4 THEN '切换设备换绑' WHEN new_type = 5 THEN '小号新增' ELSE '无信息' END AS new_type,
        roleid,
        zoneid
    FROM mt_dim.dim_basic_role_zone_df AS dim_basic_role_zone_df
    WHERE logymd = IF('2026-05-30' < '2023-01-01', '2023-01-01', '2026-05-30') AND appid = 'mlbb' AND zoneid < 57000 AND is_ai = 0
    GROUP BY roleid, zoneid, LOWER(first_mt_country), create_os, first_network_name, CASE WHEN new_type = 1 THEN '小号回流新增' WHEN new_type = 2 THEN '模拟器新增' WHEN new_type = 3 THEN '纯净新增' WHEN new_type = 4 THEN '切换设备换绑' WHEN new_type = 5 THEN '小号新增' ELSE '无信息' END
),
d AS (
    SELECT
        country,
        lower
    FROM mt_dim.dim_national_geographic_atlas_config AS dim_national_geographic_atlas_config
),
e AS (
    SELECT
        his_activedays AS his_activedays_before_1,
        logymd,
        roleid,
        zoneid
    FROM mt_dwm.dwm_active_role_zone_df AS dwm_active_role_zone_df
    WHERE logymd IN ('2026-05-29', '2026-05-28', '2026-05-27', '2026-05-23', '2026-05-16', '2026-04-30', '2026-03-01') AND appid = 'mlbb' AND zoneid < 57000
    GROUP BY logymd, roleid, zoneid, his_activedays
),
f AS (
    SELECT
        his_activedays AS his_activedays_before_31,
        logymd,
        roleid,
        zoneid
    FROM mt_dwm.dwm_active_role_zone_df AS dwm_active_role_zone_df
    WHERE logymd IN ('2026-04-29', '2026-04-28', '2026-04-27', '2026-04-23', '2026-04-16', '2026-03-31', '2026-01-30') AND appid = 'mlbb' AND zoneid < 57000
    GROUP BY logymd, roleid, zoneid, his_activedays
),
a AS (
    SELECT
        a.active_date_diff,
        (COALESCE(e.his_activedays_before_1, 0) - COALESCE(f.his_activedays_before_31, 0)) AS active_days,
        a.charge_amt_total,
        d.country,
        c.create_os,
        b.day_max_level,
        c.first_network_name,
        a.is_active,
        a.logymd,
        c.new_type,
        a.roleid,
        a.user_period,
        a.zoneid
    FROM a
    LEFT JOIN b
        ON a.roleid = b.roleid AND a.zoneid = b.zoneid AND a.logymd = b.logymd
    LEFT JOIN c
        ON a.roleid = c.roleid AND a.zoneid = c.zoneid
    LEFT JOIN d
        ON c.first_mt_country = d.lower
    LEFT JOIN e
        ON a.roleid = e.roleid AND a.zoneid = e.zoneid AND a.logymd = DATE_ADD(e.logymd, 1) /* -------------匹配业务日期前1天历史累计活跃天数 */
    LEFT JOIN f
        ON a.roleid = f.roleid AND a.zoneid = f.zoneid AND a.logymd = DATE_ADD(f.logymd, 31) /* -------------匹配业务日期前31天历史累计活跃天数 */
    GROUP BY a.logymd, a.roleid, a.zoneid, b.day_max_level, d.country, c.new_type, a.is_active, a.charge_amt_total, a.user_period, a.active_date_diff, c.create_os, c.first_network_name, (COALESCE(e.his_activedays_before_1, 0) - COALESCE(f.his_activedays_before_31, 0))
),
temp_active_retain_30activedays AS (
    SELECT
        active_date_diff,
        CASE WHEN active_days = 0 THEN '0' WHEN active_days BETWEEN 1 AND 2 THEN '[1,2]' WHEN active_days BETWEEN 3 AND 8 THEN '[3,8]' WHEN active_days BETWEEN 9 AND 17 THEN '[9,17]' WHEN active_days BETWEEN 18 AND 25 THEN '[18,25]' WHEN active_days BETWEEN 26 AND 30 THEN '[26,30]' ELSE '无信息' END AS active_days /* 前30天活跃天数分层 */,
        SUM(charge_amt_total) AS amount /* [logymd,logymd + active_date_diff]，区间内总付费（美分） */,
        CASE WHEN country IS NULL THEN '无信息' ELSE country END AS country,
        create_os,
        CASE WHEN day_max_level BETWEEN 1 AND 10 THEN '[1,10]' WHEN day_max_level BETWEEN 11 AND 20 THEN '[11,20]' WHEN day_max_level BETWEEN 21 AND 30 THEN '[21,30]' WHEN day_max_level BETWEEN 31 AND 40 THEN '[31,40]' WHEN day_max_level BETWEEN 41 AND 50 THEN '[41,50]' WHEN day_max_level BETWEEN 51 AND 60 THEN '[51,60]' WHEN day_max_level BETWEEN 61 AND 70 THEN '[61,70]' WHEN day_max_level BETWEEN 71 AND 80 THEN '[71,80]' WHEN day_max_level BETWEEN 81 AND 90 THEN '[81,90]' WHEN day_max_level BETWEEN 91 AND 100 THEN '[91,100]' WHEN day_max_level >= 101 THEN '[101,)' ELSE '无信息' END AS day_max_level,
        first_network_name,
        is_active,
        logymd /* 活跃日期 */,
        new_type,
        user_period,
        COUNT(DISTINCT roleid, zoneid) AS usercnt /* 角色数 */
    FROM a
    GROUP BY logymd /* 活跃日期 */, active_date_diff, is_active, CASE WHEN day_max_level BETWEEN 1 AND 10 THEN '[1,10]' WHEN day_max_level BETWEEN 11 AND 20 THEN '[11,20]' WHEN day_max_level BETWEEN 21 AND 30 THEN '[21,30]' WHEN day_max_level BETWEEN 31 AND 40 THEN '[31,40]' WHEN day_max_level BETWEEN 41 AND 50 THEN '[41,50]' WHEN day_max_level BETWEEN 51 AND 60 THEN '[51,60]' WHEN day_max_level BETWEEN 61 AND 70 THEN '[61,70]' WHEN day_max_level BETWEEN 71 AND 80 THEN '[71,80]' WHEN day_max_level BETWEEN 81 AND 90 THEN '[81,90]' WHEN day_max_level BETWEEN 91 AND 100 THEN '[91,100]' WHEN day_max_level >= 101 THEN '[101,)' ELSE '无信息' END, CASE WHEN country IS NULL THEN '无信息' ELSE country END, new_type, user_period, create_os, first_network_name, CASE WHEN active_days = 0 THEN '0' WHEN active_days BETWEEN 1 AND 2 THEN '[1,2]' WHEN active_days BETWEEN 3 AND 8 THEN '[3,8]' WHEN active_days BETWEEN 9 AND 17 THEN '[9,17]' WHEN active_days BETWEEN 18 AND 25 THEN '[18,25]' WHEN active_days BETWEEN 26 AND 30 THEN '[26,30]' ELSE '无信息' END
)
SELECT
    temp_active_retain_30activedays.active_date_diff,
    temp_active_retain_30activedays.active_days,
    temp_active_retain_30activedays.amount,
    temp_active_retain_30activedays.country,
    temp_active_retain_30activedays.create_os,
    temp_active_retain_30activedays.day_max_level,
    temp_active_retain_30activedays.first_network_name,
    temp_active_retain_30activedays.is_active,
    temp_active_retain_30activedays.logymd,
    temp_active_retain_30activedays.new_type,
    temp_active_retain_30activedays.user_period,
    temp_active_retain_30activedays.usercnt
FROM temp_active_retain_30activedays;
2026-06-08 19:47:04,665 metawiki.parse_etl.lineage INFO 字段 ml_temp.temp_active_retain_30activedays.amount  (job=job.100020000_0)
2026-06-08 19:47:04,665 metawiki.parse_etl.lineage INFO 递归血缘 3 跳:
2026-06-08 19:47:04,666 metawiki.parse_etl.lineage INFO   [d1] ml_temp.temp_active_retain_30activedays.amount <= a.charge_amt_total [aggregated]
2026-06-08 19:47:04,666 metawiki.parse_etl.lineage INFO   [d2] a.charge_amt_total <= a.charge_amt_total [direct]
2026-06-08 19:47:04,666 metawiki.parse_etl.lineage INFO   [d3] a.charge_amt_total <= mt_dm.dm_active_pay_role_zone_di.charge_amt_total [direct]
2026-06-08 19:47:04,666 metawiki.parse_etl.lineage INFO 整条链路 SQL:
WITH
a AS (
    SELECT
        active_date_diff,
        charge_amt_total,
        is_active,
        logymd,
        roleid,
        CASE WHEN register_date_diff < 0 THEN '无信息' WHEN register_date_diff = 0 THEN '0' WHEN register_date_diff <= 6 THEN '[1,6]' WHEN register_date_diff <= 29 THEN '[7,29]' WHEN register_date_diff <= 89 THEN '[30,89]' WHEN register_date_diff <= 179 THEN '[90,179]' WHEN register_date_diff <= 359 THEN '[180,359]' WHEN register_date_diff <= 719 THEN '[360,719]' WHEN register_date_diff >= 720 THEN '[720,)' ELSE '无信息' END AS user_period,
        zoneid
    FROM mt_dm.dm_active_pay_role_zone_di AS dm_active_pay_role_zone_di
    WHERE active_date = '2026-05-30' AND logymd IN ('2026-05-30', '2026-05-29', '2026-05-28', '2026-05-24', '2026-05-17', '2026-05-01', '2026-03-02') AND active_date_diff IN (0, 1, 2, 6, 13, 29, 89)
),
b AS (
    SELECT
        MAX(LEVEL) AS day_max_level,
        logymd,
        roleid,
        zoneid
    FROM mt_dwm.dwm_active_role_zone_di AS dwm_active_role_zone_di
    WHERE zoneid < 57000 AND is_ai = 0 AND logymd IN ('2026-05-30', '2026-05-29', '2026-05-28', '2026-05-24', '2026-05-17', '2026-05-01', '2026-03-02') AND appid = 'mlbb'
    GROUP BY roleid, zoneid, logymd
),
c AS (
    SELECT
        create_os,
        LOWER(first_mt_country) AS first_mt_country,
        first_network_name,
        CASE WHEN new_type = 1 THEN '小号回流新增' WHEN new_type = 2 THEN '模拟器新增' WHEN new_type = 3 THEN '纯净新增' WHEN new_type = 4 THEN '切换设备换绑' WHEN new_type = 5 THEN '小号新增' ELSE '无信息' END AS new_type,
        roleid,
        zoneid
    FROM mt_dim.dim_basic_role_zone_df AS dim_basic_role_zone_df
    WHERE logymd = IF('2026-05-30' < '2023-01-01', '2023-01-01', '2026-05-30') AND appid = 'mlbb' AND zoneid < 57000 AND is_ai = 0
    GROUP BY roleid, zoneid, LOWER(first_mt_country), create_os, first_network_name, CASE WHEN new_type = 1 THEN '小号回流新增' WHEN new_type = 2 THEN '模拟器新增' WHEN new_type = 3 THEN '纯净新增' WHEN new_type = 4 THEN '切换设备换绑' WHEN new_type = 5 THEN '小号新增' ELSE '无信息' END
),
d AS (
    SELECT
        country,
        lower
    FROM mt_dim.dim_national_geographic_atlas_config AS dim_national_geographic_atlas_config
),
e AS (
    SELECT
        his_activedays AS his_activedays_before_1,
        logymd,
        roleid,
        zoneid
    FROM mt_dwm.dwm_active_role_zone_df AS dwm_active_role_zone_df
    WHERE logymd IN ('2026-05-29', '2026-05-28', '2026-05-27', '2026-05-23', '2026-05-16', '2026-04-30', '2026-03-01') AND appid = 'mlbb' AND zoneid < 57000
    GROUP BY logymd, roleid, zoneid, his_activedays
),
f AS (
    SELECT
        his_activedays AS his_activedays_before_31,
        logymd,
        roleid,
        zoneid
    FROM mt_dwm.dwm_active_role_zone_df AS dwm_active_role_zone_df
    WHERE logymd IN ('2026-04-29', '2026-04-28', '2026-04-27', '2026-04-23', '2026-04-16', '2026-03-31', '2026-01-30') AND appid = 'mlbb' AND zoneid < 57000
    GROUP BY logymd, roleid, zoneid, his_activedays
),
a AS (
    SELECT
        a.active_date_diff,
        (COALESCE(e.his_activedays_before_1, 0) - COALESCE(f.his_activedays_before_31, 0)) AS active_days,
        a.charge_amt_total,
        d.country,
        c.create_os,
        b.day_max_level,
        c.first_network_name,
        a.is_active,
        a.logymd,
        c.new_type,
        a.roleid,
        a.user_period,
        a.zoneid
    FROM a
    LEFT JOIN b
        ON a.roleid = b.roleid AND a.zoneid = b.zoneid AND a.logymd = b.logymd
    LEFT JOIN c
        ON a.roleid = c.roleid AND a.zoneid = c.zoneid
    LEFT JOIN d
        ON c.first_mt_country = d.lower
    LEFT JOIN e
        ON a.roleid = e.roleid AND a.zoneid = e.zoneid AND a.logymd = DATE_ADD(e.logymd, 1) /* -------------匹配业务日期前1天历史累计活跃天数 */
    LEFT JOIN f
        ON a.roleid = f.roleid AND a.zoneid = f.zoneid AND a.logymd = DATE_ADD(f.logymd, 31) /* -------------匹配业务日期前31天历史累计活跃天数 */
    GROUP BY a.logymd, a.roleid, a.zoneid, b.day_max_level, d.country, c.new_type, a.is_active, a.charge_amt_total, a.user_period, a.active_date_diff, c.create_os, c.first_network_name, (COALESCE(e.his_activedays_before_1, 0) - COALESCE(f.his_activedays_before_31, 0))
),
temp_active_retain_30activedays AS (
    SELECT
        active_date_diff,
        CASE WHEN active_days = 0 THEN '0' WHEN active_days BETWEEN 1 AND 2 THEN '[1,2]' WHEN active_days BETWEEN 3 AND 8 THEN '[3,8]' WHEN active_days BETWEEN 9 AND 17 THEN '[9,17]' WHEN active_days BETWEEN 18 AND 25 THEN '[18,25]' WHEN active_days BETWEEN 26 AND 30 THEN '[26,30]' ELSE '无信息' END AS active_days /* 前30天活跃天数分层 */,
        SUM(charge_amt_total) AS amount /* [logymd,logymd + active_date_diff]，区间内总付费（美分） */,
        CASE WHEN country IS NULL THEN '无信息' ELSE country END AS country,
        create_os,
        CASE WHEN day_max_level BETWEEN 1 AND 10 THEN '[1,10]' WHEN day_max_level BETWEEN 11 AND 20 THEN '[11,20]' WHEN day_max_level BETWEEN 21 AND 30 THEN '[21,30]' WHEN day_max_level BETWEEN 31 AND 40 THEN '[31,40]' WHEN day_max_level BETWEEN 41 AND 50 THEN '[41,50]' WHEN day_max_level BETWEEN 51 AND 60 THEN '[51,60]' WHEN day_max_level BETWEEN 61 AND 70 THEN '[61,70]' WHEN day_max_level BETWEEN 71 AND 80 THEN '[71,80]' WHEN day_max_level BETWEEN 81 AND 90 THEN '[81,90]' WHEN day_max_level BETWEEN 91 AND 100 THEN '[91,100]' WHEN day_max_level >= 101 THEN '[101,)' ELSE '无信息' END AS day_max_level,
        first_network_name,
        is_active,
        logymd /* 活跃日期 */,
        new_type,
        user_period,
        COUNT(DISTINCT roleid, zoneid) AS usercnt /* 角色数 */
    FROM a
    GROUP BY logymd /* 活跃日期 */, active_date_diff, is_active, CASE WHEN day_max_level BETWEEN 1 AND 10 THEN '[1,10]' WHEN day_max_level BETWEEN 11 AND 20 THEN '[11,20]' WHEN day_max_level BETWEEN 21 AND 30 THEN '[21,30]' WHEN day_max_level BETWEEN 31 AND 40 THEN '[31,40]' WHEN day_max_level BETWEEN 41 AND 50 THEN '[41,50]' WHEN day_max_level BETWEEN 51 AND 60 THEN '[51,60]' WHEN day_max_level BETWEEN 61 AND 70 THEN '[61,70]' WHEN day_max_level BETWEEN 71 AND 80 THEN '[71,80]' WHEN day_max_level BETWEEN 81 AND 90 THEN '[81,90]' WHEN day_max_level BETWEEN 91 AND 100 THEN '[91,100]' WHEN day_max_level >= 101 THEN '[101,)' ELSE '无信息' END, CASE WHEN country IS NULL THEN '无信息' ELSE country END, new_type, user_period, create_os, first_network_name, CASE WHEN active_days = 0 THEN '0' WHEN active_days BETWEEN 1 AND 2 THEN '[1,2]' WHEN active_days BETWEEN 3 AND 8 THEN '[3,8]' WHEN active_days BETWEEN 9 AND 17 THEN '[9,17]' WHEN active_days BETWEEN 18 AND 25 THEN '[18,25]' WHEN active_days BETWEEN 26 AND 30 THEN '[26,30]' ELSE '无信息' END
)
SELECT
    temp_active_retain_30activedays.active_date_diff,
    temp_active_retain_30activedays.active_days,
    temp_active_retain_30activedays.amount,
    temp_active_retain_30activedays.country,
    temp_active_retain_30activedays.create_os,
    temp_active_retain_30activedays.day_max_level,
    temp_active_retain_30activedays.first_network_name,
    temp_active_retain_30activedays.is_active,
    temp_active_retain_30activedays.logymd,
    temp_active_retain_30activedays.new_type,
    temp_active_retain_30activedays.user_period,
    temp_active_retain_30activedays.usercnt
FROM temp_active_retain_30activedays;
2026-06-08 19:57:55,388 metawiki.parse_etl.lineage INFO   …已落 JobModel 200 个
2026-06-08 19:58:09,910 metawiki.parse_etl.lineage INFO   …已落 JobModel 400 个
2026-06-08 19:58:21,027 metawiki.parse_etl.lineage INFO   …已落 JobModel 600 个
2026-06-08 19:58:39,628 metawiki.parse_etl.lineage INFO   …已落 JobModel 800 个
2026-06-08 19:58:52,517 metawiki.parse_etl.lineage INFO   …已落 JobModel 1000 个
2026-06-08 19:59:07,719 metawiki.parse_etl.lineage INFO   …已落 JobModel 1200 个
2026-06-08 19:59:22,725 metawiki.parse_etl.lineage INFO   …已落 JobModel 1400 个
2026-06-08 19:59:37,484 metawiki.parse_etl.lineage INFO   …已落 JobModel 1600 个
2026-06-08 19:59:53,235 metawiki.parse_etl.lineage INFO   …已落 JobModel 1800 个
2026-06-08 20:00:12,370 metawiki.parse_etl.lineage INFO   …已落 JobModel 2000 个
2026-06-08 20:00:28,267 metawiki.parse_etl.lineage INFO   …已落 JobModel 2200 个
2026-06-08 20:00:44,230 metawiki.parse_etl.lineage INFO   …已落 JobModel 2400 个
2026-06-08 20:01:01,042 metawiki.parse_etl.lineage INFO   …已落 JobModel 2600 个
2026-06-08 20:01:15,951 metawiki.parse_etl.lineage INFO   …已落 JobModel 2800 个
2026-06-08 20:01:23,224 metawiki.parse_etl.lineage INFO SQL 单元: 2923  落库 JobModel: 2903  解析失败: 20
2026-06-08 20:01:23,225 metawiki.parse_etl.lineage INFO 完整 ER 模型已写入 metadata_kb.lineage.*
2026-06-08 20:01:30,091 metawiki.parse_etl.lineage INFO 字段 ml_temp.temp_active_retain_30activedays.amount  (job=job.100020000_0)
2026-06-08 20:01:30,092 metawiki.parse_etl.lineage INFO 递归血缘 3 跳:
2026-06-08 20:01:30,092 metawiki.parse_etl.lineage INFO   [d1] ml_temp.temp_active_retain_30activedays.amount <= a.charge_amt_total [aggregated]
2026-06-08 20:01:30,092 metawiki.parse_etl.lineage INFO   [d2] a.charge_amt_total <= a.charge_amt_total [direct]
2026-06-08 20:01:30,092 metawiki.parse_etl.lineage INFO   [d3] a.charge_amt_total <= mt_dm.dm_active_pay_role_zone_di.charge_amt_total [direct]
2026-06-08 20:01:30,093 metawiki.parse_etl.lineage INFO 整条链路 SQL:
WITH
a AS (
    SELECT
        active_date_diff,
        charge_amt_total,
        is_active,
        logymd,
        roleid,
        CASE WHEN register_date_diff < 0 THEN '无信息' WHEN register_date_diff = 0 THEN '0' WHEN register_date_diff <= 6 THEN '[1,6]' WHEN register_date_diff <= 29 THEN '[7,29]' WHEN register_date_diff <= 89 THEN '[30,89]' WHEN register_date_diff <= 179 THEN '[90,179]' WHEN register_date_diff <= 359 THEN '[180,359]' WHEN register_date_diff <= 719 THEN '[360,719]' WHEN register_date_diff >= 720 THEN '[720,)' ELSE '无信息' END AS user_period,
        zoneid
    FROM mt_dm.dm_active_pay_role_zone_di AS dm_active_pay_role_zone_di
    WHERE active_date = '2026-05-30' AND logymd IN ('2026-05-30', '2026-05-29', '2026-05-28', '2026-05-24', '2026-05-17', '2026-05-01', '2026-03-02') AND active_date_diff IN (0, 1, 2, 6, 13, 29, 89)
),
b AS (
    SELECT
        MAX(LEVEL) AS day_max_level,
        logymd,
        roleid,
        zoneid
    FROM mt_dwm.dwm_active_role_zone_di AS dwm_active_role_zone_di
    WHERE zoneid < 57000 AND is_ai = 0 AND logymd IN ('2026-05-30', '2026-05-29', '2026-05-28', '2026-05-24', '2026-05-17', '2026-05-01', '2026-03-02') AND appid = 'mlbb'
    GROUP BY roleid, zoneid, logymd
),
c AS (
    SELECT
        create_os,
        LOWER(first_mt_country) AS first_mt_country,
        first_network_name,
        CASE WHEN new_type = 1 THEN '小号回流新增' WHEN new_type = 2 THEN '模拟器新增' WHEN new_type = 3 THEN '纯净新增' WHEN new_type = 4 THEN '切换设备换绑' WHEN new_type = 5 THEN '小号新增' ELSE '无信息' END AS new_type,
        roleid,
        zoneid
    FROM mt_dim.dim_basic_role_zone_df AS dim_basic_role_zone_df
    WHERE logymd = IF('2026-05-30' < '2023-01-01', '2023-01-01', '2026-05-30') AND appid = 'mlbb' AND zoneid < 57000 AND is_ai = 0
    GROUP BY roleid, zoneid, LOWER(first_mt_country), create_os, first_network_name, CASE WHEN new_type = 1 THEN '小号回流新增' WHEN new_type = 2 THEN '模拟器新增' WHEN new_type = 3 THEN '纯净新增' WHEN new_type = 4 THEN '切换设备换绑' WHEN new_type = 5 THEN '小号新增' ELSE '无信息' END
),
d AS (
    SELECT
        country,
        lower
    FROM mt_dim.dim_national_geographic_atlas_config AS dim_national_geographic_atlas_config
),
e AS (
    SELECT
        his_activedays AS his_activedays_before_1,
        logymd,
        roleid,
        zoneid
    FROM mt_dwm.dwm_active_role_zone_df AS dwm_active_role_zone_df
    WHERE logymd IN ('2026-05-29', '2026-05-28', '2026-05-27', '2026-05-23', '2026-05-16', '2026-04-30', '2026-03-01') AND appid = 'mlbb' AND zoneid < 57000
    GROUP BY logymd, roleid, zoneid, his_activedays
),
f AS (
    SELECT
        his_activedays AS his_activedays_before_31,
        logymd,
        roleid,
        zoneid
    FROM mt_dwm.dwm_active_role_zone_df AS dwm_active_role_zone_df
    WHERE logymd IN ('2026-04-29', '2026-04-28', '2026-04-27', '2026-04-23', '2026-04-16', '2026-03-31', '2026-01-30') AND appid = 'mlbb' AND zoneid < 57000
    GROUP BY logymd, roleid, zoneid, his_activedays
),
a AS (
    SELECT
        a.active_date_diff,
        (COALESCE(e.his_activedays_before_1, 0) - COALESCE(f.his_activedays_before_31, 0)) AS active_days,
        a.charge_amt_total,
        d.country,
        c.create_os,
        b.day_max_level,
        c.first_network_name,
        a.is_active,
        a.logymd,
        c.new_type,
        a.roleid,
        a.user_period,
        a.zoneid
    FROM a
    LEFT JOIN b
        ON a.roleid = b.roleid AND a.zoneid = b.zoneid AND a.logymd = b.logymd
    LEFT JOIN c
        ON a.roleid = c.roleid AND a.zoneid = c.zoneid
    LEFT JOIN d
        ON c.first_mt_country = d.lower
    LEFT JOIN e
        ON a.roleid = e.roleid AND a.zoneid = e.zoneid AND a.logymd = DATE_ADD(e.logymd, 1) /* -------------匹配业务日期前1天历史累计活跃天数 */
    LEFT JOIN f
        ON a.roleid = f.roleid AND a.zoneid = f.zoneid AND a.logymd = DATE_ADD(f.logymd, 31) /* -------------匹配业务日期前31天历史累计活跃天数 */
    GROUP BY a.logymd, a.roleid, a.zoneid, b.day_max_level, d.country, c.new_type, a.is_active, a.charge_amt_total, a.user_period, a.active_date_diff, c.create_os, c.first_network_name, (COALESCE(e.his_activedays_before_1, 0) - COALESCE(f.his_activedays_before_31, 0))
),
temp_active_retain_30activedays AS (
    SELECT
        active_date_diff,
        CASE WHEN active_days = 0 THEN '0' WHEN active_days BETWEEN 1 AND 2 THEN '[1,2]' WHEN active_days BETWEEN 3 AND 8 THEN '[3,8]' WHEN active_days BETWEEN 9 AND 17 THEN '[9,17]' WHEN active_days BETWEEN 18 AND 25 THEN '[18,25]' WHEN active_days BETWEEN 26 AND 30 THEN '[26,30]' ELSE '无信息' END AS active_days /* 前30天活跃天数分层 */,
        SUM(charge_amt_total) AS amount /* [logymd,logymd + active_date_diff]，区间内总付费（美分） */,
        CASE WHEN country IS NULL THEN '无信息' ELSE country END AS country,
        create_os,
        CASE WHEN day_max_level BETWEEN 1 AND 10 THEN '[1,10]' WHEN day_max_level BETWEEN 11 AND 20 THEN '[11,20]' WHEN day_max_level BETWEEN 21 AND 30 THEN '[21,30]' WHEN day_max_level BETWEEN 31 AND 40 THEN '[31,40]' WHEN day_max_level BETWEEN 41 AND 50 THEN '[41,50]' WHEN day_max_level BETWEEN 51 AND 60 THEN '[51,60]' WHEN day_max_level BETWEEN 61 AND 70 THEN '[61,70]' WHEN day_max_level BETWEEN 71 AND 80 THEN '[71,80]' WHEN day_max_level BETWEEN 81 AND 90 THEN '[81,90]' WHEN day_max_level BETWEEN 91 AND 100 THEN '[91,100]' WHEN day_max_level >= 101 THEN '[101,)' ELSE '无信息' END AS day_max_level,
        first_network_name,
        is_active,
        logymd /* 活跃日期 */,
        new_type,
        user_period,
        COUNT(DISTINCT roleid, zoneid) AS usercnt /* 角色数 */
    FROM a
    GROUP BY logymd /* 活跃日期 */, active_date_diff, is_active, CASE WHEN day_max_level BETWEEN 1 AND 10 THEN '[1,10]' WHEN day_max_level BETWEEN 11 AND 20 THEN '[11,20]' WHEN day_max_level BETWEEN 21 AND 30 THEN '[21,30]' WHEN day_max_level BETWEEN 31 AND 40 THEN '[31,40]' WHEN day_max_level BETWEEN 41 AND 50 THEN '[41,50]' WHEN day_max_level BETWEEN 51 AND 60 THEN '[51,60]' WHEN day_max_level BETWEEN 61 AND 70 THEN '[61,70]' WHEN day_max_level BETWEEN 71 AND 80 THEN '[71,80]' WHEN day_max_level BETWEEN 81 AND 90 THEN '[81,90]' WHEN day_max_level BETWEEN 91 AND 100 THEN '[91,100]' WHEN day_max_level >= 101 THEN '[101,)' ELSE '无信息' END, CASE WHEN country IS NULL THEN '无信息' ELSE country END, new_type, user_period, create_os, first_network_name, CASE WHEN active_days = 0 THEN '0' WHEN active_days BETWEEN 1 AND 2 THEN '[1,2]' WHEN active_days BETWEEN 3 AND 8 THEN '[3,8]' WHEN active_days BETWEEN 9 AND 17 THEN '[9,17]' WHEN active_days BETWEEN 18 AND 25 THEN '[18,25]' WHEN active_days BETWEEN 26 AND 30 THEN '[26,30]' ELSE '无信息' END
)
SELECT
    temp_active_retain_30activedays.active_date_diff,
    temp_active_retain_30activedays.active_days,
    temp_active_retain_30activedays.amount,
    temp_active_retain_30activedays.country,
    temp_active_retain_30activedays.create_os,
    temp_active_retain_30activedays.day_max_level,
    temp_active_retain_30activedays.first_network_name,
    temp_active_retain_30activedays.is_active,
    temp_active_retain_30activedays.logymd,
    temp_active_retain_30activedays.new_type,
    temp_active_retain_30activedays.user_period,
    temp_active_retain_30activedays.usercnt
FROM temp_active_retain_30activedays;
2026-06-08 20:02:34,807 metawiki.parse_etl.lineage INFO 追溯表 mt_dim.dim_basic_role_zone_df 的上游表(共 22 张物理表):
2026-06-08 20:02:34,808 metawiki.parse_etl.lineage INFO     [d1] mt_dim.dim_basic_role_zone_df <= bi_test.dim_role_df_hdfs
2026-06-08 20:02:34,808 metawiki.parse_etl.lineage INFO     [d1] mt_dim.dim_basic_role_zone_df <= ml_ods.battleserver_battle_end
2026-06-08 20:02:34,808 metawiki.parse_etl.lineage INFO     [d1] mt_dim.dim_basic_role_zone_df <= mt_dim.dim_attr_account_df
2026-06-08 20:02:34,808 metawiki.parse_etl.lineage INFO     [d1] mt_dim.dim_basic_role_zone_df <= mt_dwm.dwm_active_role_zone_di
2026-06-08 20:02:34,808 metawiki.parse_etl.lineage INFO       [d2] mt_dim.dim_basic_role_zone_df <= bi_test.dim_attr_df_mla_hdfs
2026-06-08 20:02:34,808 metawiki.parse_etl.lineage INFO       [d2] mt_dim.dim_basic_role_zone_df <= bi_test.dim_attr_mlbb_hdfs
2026-06-08 20:02:34,808 metawiki.parse_etl.lineage INFO       [d2] mt_dim.dim_basic_role_zone_df <= mh_ods.accountserver_account_create
2026-06-08 20:02:34,808 metawiki.parse_etl.lineage INFO       [d2] mt_dim.dim_basic_role_zone_df <= mh_ods.gameserver_create_role
2026-06-08 20:02:34,808 metawiki.parse_etl.lineage INFO       [d2] mt_dim.dim_basic_role_zone_df <= ml_ods.connserver_client_configuration
2026-06-08 20:02:34,808 metawiki.parse_etl.lineage INFO       [d2] mt_dim.dim_basic_role_zone_df <= ml_ods.connserver_client_friend_login
2026-06-08 20:02:34,808 metawiki.parse_etl.lineage INFO       [d2] mt_dim.dim_basic_role_zone_df <= ml_ods.connserver_shareway
2026-06-08 20:02:34,808 metawiki.parse_etl.lineage INFO       [d2] mt_dim.dim_basic_role_zone_df <= ml_ods.gameserver_logout
2026-06-08 20:02:34,808 metawiki.parse_etl.lineage INFO       [d2] mt_dim.dim_basic_role_zone_df <= ml_ods.gameserver_sub_diamond
2026-06-08 20:02:34,808 metawiki.parse_etl.lineage INFO       [d2] mt_dim.dim_basic_role_zone_df <= ml_ods.loginserver_login_auth
2026-06-08 20:02:34,808 metawiki.parse_etl.lineage INFO       [d2] mt_dim.dim_basic_role_zone_df <= mt_dwd.config_country_area
2026-06-08 20:02:34,808 metawiki.parse_etl.lineage INFO       [d2] mt_dim.dim_basic_role_zone_df <= mt_dwd.dwd_account_attribution_df
2026-06-08 20:02:34,808 metawiki.parse_etl.lineage INFO       [d2] mt_dim.dim_basic_role_zone_df <= mt_dwd.dwd_login_di
2026-06-08 20:02:34,808 metawiki.parse_etl.lineage INFO         [d3] mt_dim.dim_basic_role_zone_df <= ml_ods.accountserver_account_create
2026-06-08 20:02:34,808 metawiki.parse_etl.lineage INFO         [d3] mt_dim.dim_basic_role_zone_df <= mt_dim.dim_basic_bind_account_di
2026-06-08 20:02:34,808 metawiki.parse_etl.lineage INFO         [d3] mt_dim.dim_basic_role_zone_df <= mt_dwd.dwd_account_create_df
2026-06-08 20:02:34,808 metawiki.parse_etl.lineage INFO           [d4] mt_dim.dim_basic_role_zone_df <= bi_test.dwd_account_create_df
2026-06-08 20:02:34,808 metawiki.parse_etl.lineage INFO           [d4] mt_dim.dim_basic_role_zone_df <= ml_ods.connserver_bindaccount_data
2026-06-08 20:03:29,472 metawiki.parse_etl.lineage INFO   …已落 JobModel 200 个
2026-06-08 20:03:45,230 metawiki.parse_etl.lineage INFO   …已落 JobModel 400 个
2026-06-08 20:03:56,871 metawiki.parse_etl.lineage INFO   …已落 JobModel 600 个
2026-06-08 20:04:14,431 metawiki.parse_etl.lineage INFO   …已落 JobModel 800 个
2026-06-08 20:04:28,573 metawiki.parse_etl.lineage INFO   …已落 JobModel 1000 个
2026-06-08 20:04:45,309 metawiki.parse_etl.lineage INFO   …已落 JobModel 1200 个
2026-06-08 20:05:03,458 metawiki.parse_etl.lineage INFO   …已落 JobModel 1400 个
2026-06-08 20:05:20,580 metawiki.parse_etl.lineage INFO   …已落 JobModel 1600 个
2026-06-08 20:05:37,287 metawiki.parse_etl.lineage INFO   …已落 JobModel 1800 个
2026-06-08 20:05:59,959 metawiki.parse_etl.lineage INFO   …已落 JobModel 2000 个
2026-06-08 20:06:18,666 metawiki.parse_etl.lineage INFO   …已落 JobModel 2200 个
2026-06-08 20:06:34,269 metawiki.parse_etl.lineage INFO   …已落 JobModel 2400 个
2026-06-08 20:06:50,495 metawiki.parse_etl.lineage INFO   …已落 JobModel 2600 个
2026-06-08 20:07:05,394 metawiki.parse_etl.lineage INFO   …已落 JobModel 2800 个
2026-06-08 20:07:13,706 metawiki.parse_etl.lineage INFO SQL 单元: 2923  落库 JobModel: 2903  解析失败: 20
2026-06-08 20:07:13,706 metawiki.parse_etl.lineage INFO 完整 ER 模型已写入 metadata_kb.lineage.*
2026-06-08 21:06:16,250 metawiki.parse_etl.lineage INFO 追溯表 mt_ads_pre.ads_gamebi_roger_secondary_di 的上游表(共 114 张物理表):
2026-06-08 21:06:16,250 metawiki.parse_etl.lineage INFO     [d1] mt_ads_pre.ads_gamebi_roger_secondary_di <= bi_test.dwm_zgame_active_role_zone_di
2026-06-08 21:06:16,250 metawiki.parse_etl.lineage INFO     [d1] mt_ads_pre.ads_gamebi_roger_secondary_di <= mt_dm.dm_multi_decismart_core_df_test
2026-06-08 21:06:16,251 metawiki.parse_etl.lineage INFO     [d1] mt_ads_pre.ads_gamebi_roger_secondary_di <= mt_dm.dm_zgame_behavior_feature_role_zone_df
2026-06-08 21:06:16,251 metawiki.parse_etl.lineage INFO       [d2] mt_ads_pre.ads_gamebi_roger_secondary_di <= bi_test.dim_zgame_basic_account_df
2026-06-08 21:06:16,251 metawiki.parse_etl.lineage INFO       [d2] mt_ads_pre.ads_gamebi_roger_secondary_di <= bi_test.dim_zgame_basic_role_zone_df_tmp
2026-06-08 21:06:16,251 metawiki.parse_etl.lineage INFO       [d2] mt_ads_pre.ads_gamebi_roger_secondary_di <= bi_test.dwm_zgame_active_role_zone_df
2026-06-08 21:06:16,251 metawiki.parse_etl.lineage INFO       [d2] mt_ads_pre.ads_gamebi_roger_secondary_di <= mt_dim.dim_zgame_item_num_df
2026-06-08 21:06:16,251 metawiki.parse_etl.lineage INFO       [d2] mt_ads_pre.ads_gamebi_roger_secondary_di <= mt_dm.dm_uid_mapping_role_zone_df
2026-06-08 21:06:16,251 metawiki.parse_etl.lineage INFO       [d2] mt_ads_pre.ads_gamebi_roger_secondary_di <= mt_dm.dm_zgame_behavior_info_role_zone_df
2026-06-08 21:06:16,251 metawiki.parse_etl.lineage INFO       [d2] mt_ads_pre.ads_gamebi_roger_secondary_di <= mt_dwm.dwm_zgame_battle_pve_role_zone_df
2026-06-08 21:06:16,251 metawiki.parse_etl.lineage INFO       [d2] mt_ads_pre.ads_gamebi_roger_secondary_di <= mt_dwm.dwm_zgame_battle_pvp_role_zone_df
2026-06-08 21:06:16,251 metawiki.parse_etl.lineage INFO       [d2] mt_ads_pre.ads_gamebi_roger_secondary_di <= mt_dwm.dwm_zgame_lottery_info_role_zone_df
2026-06-08 21:06:16,251 metawiki.parse_etl.lineage INFO       [d2] mt_ads_pre.ads_gamebi_roger_secondary_di <= mt_dwm.dwm_zgame_lottery_info_role_zone_di
2026-06-08 21:06:16,251 metawiki.parse_etl.lineage INFO       [d2] mt_ads_pre.ads_gamebi_roger_secondary_di <= mt_dwm.dwm_zgame_pay_role_zone_df
2026-06-08 21:06:16,251 metawiki.parse_etl.lineage INFO       [d2] mt_ads_pre.ads_gamebi_roger_secondary_di <= mt_dwm.dwm_zgame_pay_role_zone_di
2026-06-08 21:06:16,251 metawiki.parse_etl.lineage INFO       [d2] mt_ads_pre.ads_gamebi_roger_secondary_di <= mt_dwm.dwm_zgame_pve_auto_role_zone_di
2026-06-08 21:06:16,251 metawiki.parse_etl.lineage INFO       [d2] mt_ads_pre.ads_gamebi_roger_secondary_di <= mt_dwm.dwm_zgame_resource_role_zone_df
2026-06-08 21:06:16,251 metawiki.parse_etl.lineage INFO       [d2] mt_ads_pre.ads_gamebi_roger_secondary_di <= mt_dwm.dwm_zgame_resource_role_zone_di
2026-06-08 21:06:16,251 metawiki.parse_etl.lineage INFO       [d2] mt_ads_pre.ads_gamebi_roger_secondary_di <= mt_dwm.dwm_zgame_union_role_zone_df
2026-06-08 21:06:16,251 metawiki.parse_etl.lineage INFO       [d2] mt_ads_pre.ads_gamebi_roger_secondary_di <= zgame_damai_ods.gameserver_charge
2026-06-08 21:06:16,251 metawiki.parse_etl.lineage INFO       [d2] mt_ads_pre.ads_gamebi_roger_secondary_di <= zgame_damai_ods.gameserver_fight_pve
2026-06-08 21:06:16,251 metawiki.parse_etl.lineage INFO       [d2] mt_ads_pre.ads_gamebi_roger_secondary_di <= zgame_damai_ods.gameserver_login
2026-06-08 21:06:16,251 metawiki.parse_etl.lineage INFO       [d2] mt_ads_pre.ads_gamebi_roger_secondary_di <= zgame_damai_ods.gameserver_logout
2026-06-08 21:06:16,252 metawiki.parse_etl.lineage INFO         [d3] mt_ads_pre.ads_gamebi_roger_secondary_di <= mcgg_dim.dim_basic_role_zone_df
2026-06-08 21:06:16,252 metawiki.parse_etl.lineage INFO         [d3] mt_ads_pre.ads_gamebi_roger_secondary_di <= ml_ods.abtestserver_abtest_tag
2026-06-08 21:06:16,252 metawiki.parse_etl.lineage INFO         [d3] mt_ads_pre.ads_gamebi_roger_secondary_di <= ml_ods.mtabtestserver_mtabtest_tag
2026-06-08 21:06:16,252 metawiki.parse_etl.lineage INFO         [d3] mt_ads_pre.ads_gamebi_roger_secondary_di <= mt_dim.dim_basic_role_zone_df
2026-06-08 21:06:16,252 metawiki.parse_etl.lineage INFO         [d3] mt_ads_pre.ads_gamebi_roger_secondary_di <= mt_dim.dim_mla_basic_role_zone_df
2026-06-08 21:06:16,252 metawiki.parse_etl.lineage INFO         [d3] mt_ads_pre.ads_gamebi_roger_secondary_di <= mt_dwd.dwd_zgame_account_attribution_df
2026-06-08 21:06:16,252 metawiki.parse_etl.lineage INFO         [d3] mt_ads_pre.ads_gamebi_roger_secondary_di <= mt_dwm.dwm_zgame_battle_pve_role_zone_di
2026-06-08 21:06:16,252 metawiki.parse_etl.lineage INFO         [d3] mt_ads_pre.ads_gamebi_roger_secondary_di <= mt_dwm.dwm_zgame_battle_pvp_role_zone_di
2026-06-08 21:06:16,252 metawiki.parse_etl.lineage INFO         [d3] mt_ads_pre.ads_gamebi_roger_secondary_di <= zgame_damai_ods.accountserver_account_bind
2026-06-08 21:06:16,252 metawiki.parse_etl.lineage INFO         [d3] mt_ads_pre.ads_gamebi_roger_secondary_di <= zgame_damai_ods.accountserver_account_create
2026-06-08 21:06:16,252 metawiki.parse_etl.lineage INFO         [d3] mt_ads_pre.ads_gamebi_roger_secondary_di <= zgame_damai_ods.gameserver_add_hero_awakening
2026-06-08 21:06:16,252 metawiki.parse_etl.lineage INFO         [d3] mt_ads_pre.ads_gamebi_roger_secondary_di <= zgame_damai_ods.gameserver_add_item
2026-06-08 21:06:16,252 metawiki.parse_etl.lineage INFO         [d3] mt_ads_pre.ads_gamebi_roger_secondary_di <= zgame_damai_ods.gameserver_add_level
2026-06-08 21:06:16,252 metawiki.parse_etl.lineage INFO         [d3] mt_ads_pre.ads_gamebi_roger_secondary_di <= zgame_damai_ods.gameserver_add_soldier
2026-06-08 21:06:16,252 metawiki.parse_etl.lineage INFO         [d3] mt_ads_pre.ads_gamebi_roger_secondary_di <= zgame_damai_ods.gameserver_change_name
2026-06-08 21:06:16,252 metawiki.parse_etl.lineage INFO         [d3] mt_ads_pre.ads_gamebi_roger_secondary_di <= zgame_damai_ods.gameserver_create_role
2026-06-08 21:06:16,252 metawiki.parse_etl.lineage INFO         [d3] mt_ads_pre.ads_gamebi_roger_secondary_di <= zgame_damai_ods.gameserver_finish_challenge_stage
2026-06-08 21:06:16,252 metawiki.parse_etl.lineage INFO         [d3] mt_ads_pre.ads_gamebi_roger_secondary_di <= zgame_damai_ods.gameserver_friend_invite_bind
2026-06-08 21:06:16,252 metawiki.parse_etl.lineage INFO         [d3] mt_ads_pre.ads_gamebi_roger_secondary_di <= zgame_damai_ods.gameserver_hero_add
2026-06-08 21:06:16,252 metawiki.parse_etl.lineage INFO         [d3] mt_ads_pre.ads_gamebi_roger_secondary_di <= zgame_damai_ods.gameserver_lottery
2026-06-08 21:06:16,252 metawiki.parse_etl.lineage INFO         [d3] mt_ads_pre.ads_gamebi_roger_secondary_di <= zgame_damai_ods.gameserver_soldier_up_level
2026-06-08 21:06:16,252 metawiki.parse_etl.lineage INFO         [d3] mt_ads_pre.ads_gamebi_roger_secondary_di <= zgame_damai_ods.gameserver_sub_item
2026-06-08 21:06:16,252 metawiki.parse_etl.lineage INFO         [d3] mt_ads_pre.ads_gamebi_roger_secondary_di <= zgame_damai_ods.loginserver_login_auth
2026-06-08 21:06:16,252 metawiki.parse_etl.lineage INFO         [d3] mt_ads_pre.ads_gamebi_roger_secondary_di <= zgame_damai_ods.reportserver_fight
2026-06-08 21:06:16,252 metawiki.parse_etl.lineage INFO         [d3] mt_ads_pre.ads_gamebi_roger_secondary_di <= zgame_damai_ods.reportserver_hardware
2026-06-08 21:06:16,252 metawiki.parse_etl.lineage INFO         [d3] mt_ads_pre.ads_gamebi_roger_secondary_di <= zgame_damai_ods.t_client_performance_systeminfo
2026-06-08 21:06:16,252 metawiki.parse_etl.lineage INFO         [d3] mt_ads_pre.ads_gamebi_roger_secondary_di <= zgame_damai_ods.unionserver_gvg_match_settle
2026-06-08 21:06:16,252 metawiki.parse_etl.lineage INFO         [d3] mt_ads_pre.ads_gamebi_roger_secondary_di <= zgame_damai_ods.unionserver_union_join
2026-06-08 21:06:16,252 metawiki.parse_etl.lineage INFO         [d3] mt_ads_pre.ads_gamebi_roger_secondary_di <= zgame_damai_ods.unionserver_union_quit
2026-06-08 21:06:16,252 metawiki.parse_etl.lineage INFO         [d3] mt_ads_pre.ads_gamebi_roger_secondary_di <= zgame_damai_ods.unionserver_union_recal
2026-06-08 21:06:16,252 metawiki.parse_etl.lineage INFO           [d4] mt_ads_pre.ads_gamebi_roger_secondary_di <= bi_test.dim_role_df_hdfs
2026-06-08 21:06:16,252 metawiki.parse_etl.lineage INFO           [d4] mt_ads_pre.ads_gamebi_roger_secondary_di <= mcgg_ods.accountserver_account_bind
2026-06-08 21:06:16,252 metawiki.parse_etl.lineage INFO           [d4] mt_ads_pre.ads_gamebi_roger_secondary_di <= mcgg_ods.accountserver_account_rebind
2026-06-08 21:06:16,252 metawiki.parse_etl.lineage INFO           [d4] mt_ads_pre.ads_gamebi_roger_secondary_di <= mcgg_ods.connserver_client_appinstall
2026-06-08 21:06:16,252 metawiki.parse_etl.lineage INFO           [d4] mt_ads_pre.ads_gamebi_roger_secondary_di <= mcgg_ods.gameserver_charge
2026-06-08 21:06:16,252 metawiki.parse_etl.lineage INFO           [d4] mt_ads_pre.ads_gamebi_roger_secondary_di <= mcgg_ods.gameserver_create_role
2026-06-08 21:06:16,252 metawiki.parse_etl.lineage INFO           [d4] mt_ads_pre.ads_gamebi_roger_secondary_di <= mcgg_ods.gameserver_login
2026-06-08 21:06:16,252 metawiki.parse_etl.lineage INFO           [d4] mt_ads_pre.ads_gamebi_roger_secondary_di <= mcgg_ods.gameserver_logout
2026-06-08 21:06:16,252 metawiki.parse_etl.lineage INFO           [d4] mt_ads_pre.ads_gamebi_roger_secondary_di <= ml_ods.battleserver_battle_end
2026-06-08 21:06:16,252 metawiki.parse_etl.lineage INFO           [d4] mt_ads_pre.ads_gamebi_roger_secondary_di <= msdk_dim.dim_account_df
2026-06-08 21:06:16,252 metawiki.parse_etl.lineage INFO           [d4] mt_ads_pre.ads_gamebi_roger_secondary_di <= msdk_ods.msdk_event
2026-06-08 21:06:16,252 metawiki.parse_etl.lineage INFO           [d4] mt_ads_pre.ads_gamebi_roger_secondary_di <= mt_dim.dim_attr_account_df
2026-06-08 21:06:16,252 metawiki.parse_etl.lineage INFO           [d4] mt_ads_pre.ads_gamebi_roger_secondary_di <= mt_dwd.dwd_zgame_account_attribution_di
2026-06-08 21:06:16,252 metawiki.parse_etl.lineage INFO           [d4] mt_ads_pre.ads_gamebi_roger_secondary_di <= mt_dwm.dwm_active_role_zone_di
2026-06-08 21:06:16,252 metawiki.parse_etl.lineage INFO           [d4] mt_ads_pre.ads_gamebi_roger_secondary_di <= zgame_damai_ods.crossserver_basic_pvp_fight
2026-06-08 21:06:16,252 metawiki.parse_etl.lineage INFO           [d4] mt_ads_pre.ads_gamebi_roger_secondary_di <= zgame_damai_ods.gameserver_boss_rush_update
2026-06-08 21:06:16,252 metawiki.parse_etl.lineage INFO           [d4] mt_ads_pre.ads_gamebi_roger_secondary_di <= zgame_damai_ods.gameserver_union_week_boss_confirm_fight
2026-06-08 21:06:16,253 metawiki.parse_etl.lineage INFO             [d5] mt_ads_pre.ads_gamebi_roger_secondary_di <= adbi.trackserver_event
2026-06-08 21:06:16,253 metawiki.parse_etl.lineage INFO             [d5] mt_ads_pre.ads_gamebi_roger_secondary_di <= bi_test.dim_attr_df_mla_hdfs
2026-06-08 21:06:16,253 metawiki.parse_etl.lineage INFO             [d5] mt_ads_pre.ads_gamebi_roger_secondary_di <= bi_test.dim_attr_mlbb_hdfs
2026-06-08 21:06:16,253 metawiki.parse_etl.lineage INFO             [d5] mt_ads_pre.ads_gamebi_roger_secondary_di <= mh_ods.accountserver_account_create
2026-06-08 21:06:16,253 metawiki.parse_etl.lineage INFO             [d5] mt_ads_pre.ads_gamebi_roger_secondary_di <= mh_ods.gameserver_create_role
2026-06-08 21:06:16,253 metawiki.parse_etl.lineage INFO             [d5] mt_ads_pre.ads_gamebi_roger_secondary_di <= ml_ods.connserver_client_configuration
2026-06-08 21:06:16,253 metawiki.parse_etl.lineage INFO             [d5] mt_ads_pre.ads_gamebi_roger_secondary_di <= ml_ods.connserver_client_friend_login
2026-06-08 21:06:16,253 metawiki.parse_etl.lineage INFO             [d5] mt_ads_pre.ads_gamebi_roger_secondary_di <= ml_ods.connserver_shareway
2026-06-08 21:06:16,253 metawiki.parse_etl.lineage INFO             [d5] mt_ads_pre.ads_gamebi_roger_secondary_di <= ml_ods.gameserver_logout
2026-06-08 21:06:16,253 metawiki.parse_etl.lineage INFO             [d5] mt_ads_pre.ads_gamebi_roger_secondary_di <= ml_ods.gameserver_sub_diamond
2026-06-08 21:06:16,253 metawiki.parse_etl.lineage INFO             [d5] mt_ads_pre.ads_gamebi_roger_secondary_di <= ml_ods.loginserver_login_auth
2026-06-08 21:06:16,253 metawiki.parse_etl.lineage INFO             [d5] mt_ads_pre.ads_gamebi_roger_secondary_di <= msdk_dim.dim_account_di
2026-06-08 21:06:16,253 metawiki.parse_etl.lineage INFO             [d5] mt_ads_pre.ads_gamebi_roger_secondary_di <= msdk_dim.dim_attribution_device_di
2026-06-08 21:06:16,253 metawiki.parse_etl.lineage INFO             [d5] mt_ads_pre.ads_gamebi_roger_secondary_di <= msdk_ods.msdk_adjust
2026-06-08 21:06:16,253 metawiki.parse_etl.lineage INFO             [d5] mt_ads_pre.ads_gamebi_roger_secondary_di <= mt_dwd.config_country_area
2026-06-08 21:06:16,253 metawiki.parse_etl.lineage INFO             [d5] mt_ads_pre.ads_gamebi_roger_secondary_di <= mt_dwd.dwd_account_attribution_df
2026-06-08 21:06:16,253 metawiki.parse_etl.lineage INFO             [d5] mt_ads_pre.ads_gamebi_roger_secondary_di <= mt_dwd.dwd_login_di
2026-06-08 21:06:16,253 metawiki.parse_etl.lineage INFO               [d6] mt_ads_pre.ads_gamebi_roger_secondary_di <= ml_ods.accountserver_account_create
2026-06-08 21:06:16,253 metawiki.parse_etl.lineage INFO               [d6] mt_ads_pre.ads_gamebi_roger_secondary_di <= msdk_dim.dim_basic_device_di
2026-06-08 21:06:16,253 metawiki.parse_etl.lineage INFO               [d6] mt_ads_pre.ads_gamebi_roger_secondary_di <= msdk_dwd.dwd_event_log_detail_di
2026-06-08 21:06:16,253 metawiki.parse_etl.lineage INFO               [d6] mt_ads_pre.ads_gamebi_roger_secondary_di <= msdk_dwd.dwd_msdk_adjust_di
2026-06-08 21:06:16,253 metawiki.parse_etl.lineage INFO               [d6] mt_ads_pre.ads_gamebi_roger_secondary_di <= msdk_dwd.dwd_msdk_appsflyer_di
2026-06-08 21:06:16,253 metawiki.parse_etl.lineage INFO               [d6] mt_ads_pre.ads_gamebi_roger_secondary_di <= msdk_dwd.dwd_pay_event_log_detail_di
2026-06-08 21:06:16,253 metawiki.parse_etl.lineage INFO               [d6] mt_ads_pre.ads_gamebi_roger_secondary_di <= mt_dim.dim_basic_bind_account_di
2026-06-08 21:06:16,253 metawiki.parse_etl.lineage INFO               [d6] mt_ads_pre.ads_gamebi_roger_secondary_di <= mt_dwd.dwd_account_create_df
2026-06-08 21:06:16,253 metawiki.parse_etl.lineage INFO               [d6] mt_ads_pre.ads_gamebi_roger_secondary_di <= wefly_ob_ods.charge
2026-06-08 21:06:16,253 metawiki.parse_etl.lineage INFO               [d6] mt_ads_pre.ads_gamebi_roger_secondary_di <= wefly_ob_ods.create_role
2026-06-08 21:06:16,253 metawiki.parse_etl.lineage INFO               [d6] mt_ads_pre.ads_gamebi_roger_secondary_di <= wefly_ob_ods.login
2026-06-08 21:06:16,253 metawiki.parse_etl.lineage INFO                 [d7] mt_ads_pre.ads_gamebi_roger_secondary_di <= bi_test.dwd_account_create_df
2026-06-08 21:06:16,253 metawiki.parse_etl.lineage INFO                 [d7] mt_ads_pre.ads_gamebi_roger_secondary_di <= ml_ods.connserver_bindaccount_data
2026-06-08 21:06:16,253 metawiki.parse_etl.lineage INFO                 [d7] mt_ads_pre.ads_gamebi_roger_secondary_di <= msdk_ods.msdk_appsflyer
2026-06-08 21:06:16,253 metawiki.parse_etl.lineage INFO                 [d7] mt_ads_pre.ads_gamebi_roger_secondary_di <= msdk_ods.msdk_charge
2026-06-08 21:06:16,253 metawiki.parse_etl.lineage INFO                 [d7] mt_ads_pre.ads_gamebi_roger_secondary_di <= tgame_ods.gameserver_create_role
2026-06-08 21:06:16,253 metawiki.parse_etl.lineage INFO                 [d7] mt_ads_pre.ads_gamebi_roger_secondary_di <= tgame_ods.gameserver_login
2026-06-08 21:06:16,253 metawiki.parse_etl.lineage INFO                 [d7] mt_ads_pre.ads_gamebi_roger_secondary_di <= tgame_ods.gameserver_logout
2026-06-08 21:06:16,254 metawiki.parse_etl.lineage INFO                 [d7] mt_ads_pre.ads_gamebi_roger_secondary_di <= tgame_ods.reportserver_install_event
2026-06-08 21:06:16,254 metawiki.parse_etl.lineage INFO                 [d7] mt_ads_pre.ads_gamebi_roger_secondary_di <= tgame_ods.reportserver_launch_event
2026-06-08 21:06:16,254 metawiki.parse_etl.lineage INFO                 [d7] mt_ads_pre.ads_gamebi_roger_secondary_di <= wefly_ob_ods.__install_event__
2026-06-08 21:06:16,254 metawiki.parse_etl.lineage INFO                 [d7] mt_ads_pre.ads_gamebi_roger_secondary_di <= wefly_ob_ods.logout
2026-06-08 21:06:16,254 metawiki.parse_etl.lineage INFO                 [d7] mt_ads_pre.ads_gamebi_roger_secondary_di <= xgame_ods.connserver__install_event__
2026-06-08 21:06:16,254 metawiki.parse_etl.lineage INFO                 [d7] mt_ads_pre.ads_gamebi_roger_secondary_di <= xgame_ods.connserver__launch_event__
2026-06-08 21:06:16,254 metawiki.parse_etl.lineage INFO                 [d7] mt_ads_pre.ads_gamebi_roger_secondary_di <= xgame_ods.gameserver_create_role
2026-06-08 21:06:16,254 metawiki.parse_etl.lineage INFO                 [d7] mt_ads_pre.ads_gamebi_roger_secondary_di <= xgame_ods.gameserver_login
2026-06-08 21:06:16,254 metawiki.parse_etl.lineage INFO                 [d7] mt_ads_pre.ads_gamebi_roger_secondary_di <= xgame_ods.gameserver_logout
2026-06-09 11:58:04,467 metawiki.parse_etl.lineage INFO 字段 mt_ads_pre.ads_gamebi_roger_secondary_di.indicator_map  (job=job.100046563_0)
2026-06-09 11:58:04,468 metawiki.parse_etl.lineage INFO 递归血缘 14 跳:
2026-06-09 11:58:04,468 metawiki.parse_etl.lineage INFO   [d1] mt_ads_pre.ads_gamebi_roger_secondary_di.indicator_map <= final_insert_branch_1.indicator_map [derived]
2026-06-09 11:58:04,468 metawiki.parse_etl.lineage INFO   [d1] mt_ads_pre.ads_gamebi_roger_secondary_di.indicator_map <= final_insert_branch_2.indicator_map [derived]
2026-06-09 11:58:04,468 metawiki.parse_etl.lineage INFO   [d2] final_insert_branch_1.indicator_map <= subquery_9.avg_active_cnt [derived]
2026-06-09 11:58:04,468 metawiki.parse_etl.lineage INFO   [d2] final_insert_branch_1.indicator_map <= subquery_9.mau [derived]
2026-06-09 11:58:04,468 metawiki.parse_etl.lineage INFO   [d2] final_insert_branch_2.indicator_map <= subquery_11.avg_active_cnt [derived]
2026-06-09 11:58:04,468 metawiki.parse_etl.lineage INFO   [d2] final_insert_branch_2.indicator_map <= subquery_11.mau [derived]
2026-06-09 11:58:04,468 metawiki.parse_etl.lineage INFO   [d3] subquery_11.avg_active_cnt <= t_active_di.active_days [aggregated]
2026-06-09 11:58:04,468 metawiki.parse_etl.lineage INFO   [d3] subquery_11.mau <= t_active_di.roleid [aggregated]
2026-06-09 11:58:04,468 metawiki.parse_etl.lineage INFO   [d3] subquery_9.avg_active_cnt <= t_active_di.active_days [aggregated]
2026-06-09 11:58:04,468 metawiki.parse_etl.lineage INFO   [d3] subquery_9.mau <= t_active_di.roleid [aggregated]
2026-06-09 11:58:04,468 metawiki.parse_etl.lineage INFO   [d4] t_active_di.active_days <= bi_test.dwm_zgame_active_role_zone_di.logymd [aggregated]
2026-06-09 11:58:04,468 metawiki.parse_etl.lineage INFO   [d4] t_active_di.active_days <= bi_test.dwm_zgame_active_role_zone_di.logymd [aggregated]
2026-06-09 11:58:04,468 metawiki.parse_etl.lineage INFO   [d4] t_active_di.roleid <= bi_test.dwm_zgame_active_role_zone_di.roleid [direct]
2026-06-09 11:58:04,468 metawiki.parse_etl.lineage INFO   [d4] t_active_di.roleid <= bi_test.dwm_zgame_active_role_zone_di.roleid [direct]
2026-06-09 11:58:04,468 metawiki.parse_etl.lineage INFO 整条链路 SQL:
WITH
basic AS (
    SELECT
        channel,
        country,
        network,
        os,
        zone_group
    FROM t1
    WHERE t1.rn = 1
),
t_active_di AS (
    SELECT
        COUNT(DISTINCT logymd) AS active_days,
        roleid
    FROM bi_test.dwm_zgame_active_role_zone_di AS dwm_zgame_active_role_zone_di
    WHERE logymd BETWEEN DATE_FORMAT('2026-05-31', 'yyyy-MM-01') AND LAST_DAY('2026-05-31') AND logymd >= '2023-07-01'
    GROUP BY roleid
),
subquery_9 AS (
    SELECT
        COALESCE(SUM(act.active_days) / (CASE WHEN SUBSTRING('2026-05-31', 1, 7) = '2023-07' THEN (DATEDIFF(LAST_DAY('2026-05-31'), '2023-07-01') + 1) ELSE (DATEDIFF(LAST_DAY('2026-05-31'), DATE_FORMAT('2026-05-31', 'yyyy-MM-01')) + 1) END), 0) AS avg_active_cnt /* 日均活跃天数 */,
        basic.channel,
        basic.country,
        COUNT(DISTINCT act.roleid) AS mau,
        basic.network,
        basic.os,
        basic.zone_group
    FROM basic
    LEFT JOIN t_active_di
        ON basic.accountid = act.roleid
    GROUP BY basic.country, basic.os, basic.channel, basic.network, basic.zone_group
),
final_insert_branch_1 AS (
    SELECT
        COALESCE(channel, 'unknown') AS channel,
        COALESCE(country, 'unknown') AS country,
        CAST(MAP('avg_active_cnt', COALESCE(avg_active_cnt, 0), 'mau', COALESCE(mau, 0)) AS MAP<STRING, DECIMAL(38, 18)>) AS indicator_map,
        COALESCE(network, 'unknown') AS network,
        COALESCE(os, 'unknown') AS os,
        COALESCE(zone_group, 'unknown') AS zone_group
    FROM subquery_9
),
subquery_11 AS (
    SELECT
        COALESCE(SUM(act.active_days) / (CASE WHEN SUBSTRING('2026-05-31', 1, 7) = '2023-07' THEN (DATEDIFF(LAST_DAY('2026-05-31'), '2023-07-01') + 1) ELSE (DATEDIFF(LAST_DAY('2026-05-31'), DATE_FORMAT('2026-05-31', 'yyyy-MM-01')) + 1) END), 0) AS avg_active_cnt /* 日均活跃天数 */,
        basic.channel,
        basic.country,
        COUNT(DISTINCT act.roleid) AS mau,
        basic.network,
        basic.os,
        basic.zone_group
    FROM basic
    LEFT JOIN t_active_di
        ON basic.accountid = act.roleid
    WHERE basic.is_cur_bot = 0
    GROUP BY basic.country, basic.os, basic.channel, basic.network, basic.zone_group
),
final_insert_branch_2 AS (
    SELECT
        COALESCE(channel, 'unknown') AS channel,
        COALESCE(country, 'unknown') AS country,
        CAST(MAP('avg_active_cnt', COALESCE(avg_active_cnt, 0), 'mau', COALESCE(mau, 0)) AS MAP<STRING, DECIMAL(38, 18)>) AS indicator_map,
        COALESCE(network, 'unknown') AS network,
        COALESCE(os, 'unknown') AS os,
        COALESCE(zone_group, 'unknown') AS zone_group
    FROM subquery_11
),
ads_gamebi_roger_secondary_di AS (
    SELECT
        UNION_BRANCH_COLUMN[6],
        UNION_BRANCH_COLUMN[2],
        UNION_BRANCH_COLUMN[4],
        UNION_BRANCH_COLUMN[3],
        UNION_BRANCH_COLUMN[5],
        UNION_BRANCH_COLUMN[13]
    FROM final_insert_branch_1
)
SELECT
    ads_gamebi_roger_secondary_di.indicator_map
FROM ads_gamebi_roger_secondary_di;
2026-06-09 11:59:45,900 metawiki.parse_etl.lineage INFO 字段 mt_ads_pre.ads_gamebi_roger_secondary_di.indicator_map  (job=job.100046563_0)
2026-06-09 11:59:45,901 metawiki.parse_etl.lineage INFO 递归血缘 14 跳:
2026-06-09 11:59:45,901 metawiki.parse_etl.lineage INFO   [d1] mt_ads_pre.ads_gamebi_roger_secondary_di.indicator_map <= final_insert_branch_1.indicator_map [derived]
2026-06-09 11:59:45,901 metawiki.parse_etl.lineage INFO   [d1] mt_ads_pre.ads_gamebi_roger_secondary_di.indicator_map <= final_insert_branch_2.indicator_map [derived]
2026-06-09 11:59:45,901 metawiki.parse_etl.lineage INFO   [d2] final_insert_branch_1.indicator_map <= subquery_9.avg_active_cnt [derived]
2026-06-09 11:59:45,901 metawiki.parse_etl.lineage INFO   [d2] final_insert_branch_1.indicator_map <= subquery_9.mau [derived]
2026-06-09 11:59:45,901 metawiki.parse_etl.lineage INFO   [d2] final_insert_branch_2.indicator_map <= subquery_11.avg_active_cnt [derived]
2026-06-09 11:59:45,901 metawiki.parse_etl.lineage INFO   [d2] final_insert_branch_2.indicator_map <= subquery_11.mau [derived]
2026-06-09 11:59:45,901 metawiki.parse_etl.lineage INFO   [d3] subquery_11.avg_active_cnt <= t_active_di.active_days [aggregated]
2026-06-09 11:59:45,901 metawiki.parse_etl.lineage INFO   [d3] subquery_11.mau <= t_active_di.roleid [aggregated]
2026-06-09 11:59:45,901 metawiki.parse_etl.lineage INFO   [d3] subquery_9.avg_active_cnt <= t_active_di.active_days [aggregated]
2026-06-09 11:59:45,901 metawiki.parse_etl.lineage INFO   [d3] subquery_9.mau <= t_active_di.roleid [aggregated]
2026-06-09 11:59:45,901 metawiki.parse_etl.lineage INFO   [d4] t_active_di.active_days <= bi_test.dwm_zgame_active_role_zone_di.logymd [aggregated]
2026-06-09 11:59:45,901 metawiki.parse_etl.lineage INFO   [d4] t_active_di.active_days <= bi_test.dwm_zgame_active_role_zone_di.logymd [aggregated]
2026-06-09 11:59:45,901 metawiki.parse_etl.lineage INFO   [d4] t_active_di.roleid <= bi_test.dwm_zgame_active_role_zone_di.roleid [direct]
2026-06-09 11:59:45,901 metawiki.parse_etl.lineage INFO   [d4] t_active_di.roleid <= bi_test.dwm_zgame_active_role_zone_di.roleid [direct]
2026-06-09 11:59:45,901 metawiki.parse_etl.lineage INFO 整条链路 SQL:
WITH
basic AS (
    SELECT
        channel,
        country,
        network,
        os,
        zone_group
    FROM t1
    WHERE t1.rn = 1
),
t_active_di AS (
    SELECT
        COUNT(DISTINCT logymd) AS active_days,
        roleid
    FROM bi_test.dwm_zgame_active_role_zone_di AS dwm_zgame_active_role_zone_di
    WHERE logymd BETWEEN DATE_FORMAT('2026-05-31', 'yyyy-MM-01') AND LAST_DAY('2026-05-31') AND logymd >= '2023-07-01'
    GROUP BY roleid
),
subquery_9 AS (
    SELECT
        COALESCE(SUM(act.active_days) / (CASE WHEN SUBSTRING('2026-05-31', 1, 7) = '2023-07' THEN (DATEDIFF(LAST_DAY('2026-05-31'), '2023-07-01') + 1) ELSE (DATEDIFF(LAST_DAY('2026-05-31'), DATE_FORMAT('2026-05-31', 'yyyy-MM-01')) + 1) END), 0) AS avg_active_cnt /* 日均活跃天数 */,
        basic.channel,
        basic.country,
        COUNT(DISTINCT act.roleid) AS mau,
        basic.network,
        basic.os,
        basic.zone_group
    FROM basic
    LEFT JOIN t_active_di
        ON basic.accountid = act.roleid
    GROUP BY basic.country, basic.os, basic.channel, basic.network, basic.zone_group
),
final_insert_branch_1 AS (
    SELECT
        COALESCE(channel, 'unknown') AS channel,
        COALESCE(country, 'unknown') AS country,
        CAST(MAP('avg_active_cnt', COALESCE(avg_active_cnt, 0), 'mau', COALESCE(mau, 0)) AS MAP<STRING, DECIMAL(38, 18)>) AS indicator_map,
        COALESCE(network, 'unknown') AS network,
        COALESCE(os, 'unknown') AS os,
        COALESCE(zone_group, 'unknown') AS zone_group
    FROM subquery_9
),
subquery_11 AS (
    SELECT
        COALESCE(SUM(act.active_days) / (CASE WHEN SUBSTRING('2026-05-31', 1, 7) = '2023-07' THEN (DATEDIFF(LAST_DAY('2026-05-31'), '2023-07-01') + 1) ELSE (DATEDIFF(LAST_DAY('2026-05-31'), DATE_FORMAT('2026-05-31', 'yyyy-MM-01')) + 1) END), 0) AS avg_active_cnt /* 日均活跃天数 */,
        basic.channel,
        basic.country,
        COUNT(DISTINCT act.roleid) AS mau,
        basic.network,
        basic.os,
        basic.zone_group
    FROM basic
    LEFT JOIN t_active_di
        ON basic.accountid = act.roleid
    WHERE basic.is_cur_bot = 0
    GROUP BY basic.country, basic.os, basic.channel, basic.network, basic.zone_group
),
final_insert_branch_2 AS (
    SELECT
        COALESCE(channel, 'unknown') AS channel,
        COALESCE(country, 'unknown') AS country,
        CAST(MAP('avg_active_cnt', COALESCE(avg_active_cnt, 0), 'mau', COALESCE(mau, 0)) AS MAP<STRING, DECIMAL(38, 18)>) AS indicator_map,
        COALESCE(network, 'unknown') AS network,
        COALESCE(os, 'unknown') AS os,
        COALESCE(zone_group, 'unknown') AS zone_group
    FROM subquery_11
),
ads_gamebi_roger_secondary_di AS (
    SELECT
        UNION_BRANCH_COLUMN[6],
        UNION_BRANCH_COLUMN[2],
        UNION_BRANCH_COLUMN[4],
        UNION_BRANCH_COLUMN[3],
        UNION_BRANCH_COLUMN[5],
        UNION_BRANCH_COLUMN[13]
    FROM final_insert_branch_1
)
SELECT
    ads_gamebi_roger_secondary_di.indicator_map
FROM ads_gamebi_roger_secondary_di;
2026-06-09 11:59:51,457 metawiki.parse_etl.lineage INFO 字段 mt_ads_pre.ads_gamebi_roger_secondary_di.indicator_map  (job=job.100046563_0)
2026-06-09 11:59:51,457 metawiki.parse_etl.lineage INFO 递归血缘 14 跳:
2026-06-09 11:59:51,457 metawiki.parse_etl.lineage INFO   [d1] mt_ads_pre.ads_gamebi_roger_secondary_di.indicator_map <= final_insert_branch_1.indicator_map [derived]
2026-06-09 11:59:51,457 metawiki.parse_etl.lineage INFO   [d1] mt_ads_pre.ads_gamebi_roger_secondary_di.indicator_map <= final_insert_branch_2.indicator_map [derived]
2026-06-09 11:59:51,457 metawiki.parse_etl.lineage INFO   [d2] final_insert_branch_1.indicator_map <= subquery_9.avg_active_cnt [derived]
2026-06-09 11:59:51,457 metawiki.parse_etl.lineage INFO   [d2] final_insert_branch_1.indicator_map <= subquery_9.mau [derived]
2026-06-09 11:59:51,457 metawiki.parse_etl.lineage INFO   [d2] final_insert_branch_2.indicator_map <= subquery_11.avg_active_cnt [derived]
2026-06-09 11:59:51,457 metawiki.parse_etl.lineage INFO   [d2] final_insert_branch_2.indicator_map <= subquery_11.mau [derived]
2026-06-09 11:59:51,457 metawiki.parse_etl.lineage INFO   [d3] subquery_11.avg_active_cnt <= t_active_di.active_days [aggregated]
2026-06-09 11:59:51,457 metawiki.parse_etl.lineage INFO   [d3] subquery_11.mau <= t_active_di.roleid [aggregated]
2026-06-09 11:59:51,457 metawiki.parse_etl.lineage INFO   [d3] subquery_9.avg_active_cnt <= t_active_di.active_days [aggregated]
2026-06-09 11:59:51,457 metawiki.parse_etl.lineage INFO   [d3] subquery_9.mau <= t_active_di.roleid [aggregated]
2026-06-09 11:59:51,457 metawiki.parse_etl.lineage INFO   [d4] t_active_di.active_days <= bi_test.dwm_zgame_active_role_zone_di.logymd [aggregated]
2026-06-09 11:59:51,457 metawiki.parse_etl.lineage INFO   [d4] t_active_di.active_days <= bi_test.dwm_zgame_active_role_zone_di.logymd [aggregated]
2026-06-09 11:59:51,457 metawiki.parse_etl.lineage INFO   [d4] t_active_di.roleid <= bi_test.dwm_zgame_active_role_zone_di.roleid [direct]
2026-06-09 11:59:51,457 metawiki.parse_etl.lineage INFO   [d4] t_active_di.roleid <= bi_test.dwm_zgame_active_role_zone_di.roleid [direct]
2026-06-09 11:59:51,457 metawiki.parse_etl.lineage INFO 整条链路 SQL:
WITH
basic AS (
    SELECT
        channel,
        country,
        network,
        os,
        zone_group
    FROM t1
    WHERE t1.rn = 1
),
t_active_di AS (
    SELECT
        COUNT(DISTINCT logymd) AS active_days,
        roleid
    FROM bi_test.dwm_zgame_active_role_zone_di AS dwm_zgame_active_role_zone_di
    WHERE logymd BETWEEN DATE_FORMAT('2026-05-31', 'yyyy-MM-01') AND LAST_DAY('2026-05-31') AND logymd >= '2023-07-01'
    GROUP BY roleid
),
subquery_9 AS (
    SELECT
        COALESCE(SUM(act.active_days) / (CASE WHEN SUBSTRING('2026-05-31', 1, 7) = '2023-07' THEN (DATEDIFF(LAST_DAY('2026-05-31'), '2023-07-01') + 1) ELSE (DATEDIFF(LAST_DAY('2026-05-31'), DATE_FORMAT('2026-05-31', 'yyyy-MM-01')) + 1) END), 0) AS avg_active_cnt /* 日均活跃天数 */,
        basic.channel,
        basic.country,
        COUNT(DISTINCT act.roleid) AS mau,
        basic.network,
        basic.os,
        basic.zone_group
    FROM basic
    LEFT JOIN t_active_di
        ON basic.accountid = act.roleid
    GROUP BY basic.country, basic.os, basic.channel, basic.network, basic.zone_group
),
final_insert_branch_1 AS (
    SELECT
        COALESCE(channel, 'unknown') AS channel,
        COALESCE(country, 'unknown') AS country,
        CAST(MAP('avg_active_cnt', COALESCE(avg_active_cnt, 0), 'mau', COALESCE(mau, 0)) AS MAP<STRING, DECIMAL(38, 18)>) AS indicator_map,
        COALESCE(network, 'unknown') AS network,
        COALESCE(os, 'unknown') AS os,
        COALESCE(zone_group, 'unknown') AS zone_group
    FROM subquery_9
),
subquery_11 AS (
    SELECT
        COALESCE(SUM(act.active_days) / (CASE WHEN SUBSTRING('2026-05-31', 1, 7) = '2023-07' THEN (DATEDIFF(LAST_DAY('2026-05-31'), '2023-07-01') + 1) ELSE (DATEDIFF(LAST_DAY('2026-05-31'), DATE_FORMAT('2026-05-31', 'yyyy-MM-01')) + 1) END), 0) AS avg_active_cnt /* 日均活跃天数 */,
        basic.channel,
        basic.country,
        COUNT(DISTINCT act.roleid) AS mau,
        basic.network,
        basic.os,
        basic.zone_group
    FROM basic
    LEFT JOIN t_active_di
        ON basic.accountid = act.roleid
    WHERE basic.is_cur_bot = 0
    GROUP BY basic.country, basic.os, basic.channel, basic.network, basic.zone_group
),
final_insert_branch_2 AS (
    SELECT
        COALESCE(channel, 'unknown') AS channel,
        COALESCE(country, 'unknown') AS country,
        CAST(MAP('avg_active_cnt', COALESCE(avg_active_cnt, 0), 'mau', COALESCE(mau, 0)) AS MAP<STRING, DECIMAL(38, 18)>) AS indicator_map,
        COALESCE(network, 'unknown') AS network,
        COALESCE(os, 'unknown') AS os,
        COALESCE(zone_group, 'unknown') AS zone_group
    FROM subquery_11
),
ads_gamebi_roger_secondary_di AS (
    SELECT
        UNION_BRANCH_COLUMN[6],
        UNION_BRANCH_COLUMN[2],
        UNION_BRANCH_COLUMN[4],
        UNION_BRANCH_COLUMN[3],
        UNION_BRANCH_COLUMN[5],
        UNION_BRANCH_COLUMN[13]
    FROM final_insert_branch_1
)
SELECT
    ads_gamebi_roger_secondary_di.indicator_map
FROM ads_gamebi_roger_secondary_di;
2026-06-09 12:01:47,425 metawiki.parse_etl.lineage INFO 追溯 mt_ads_pre.ads_gamebi_roger_secondary_di.indicator_map 的计算来源(上游)(共 41 跳边):
2026-06-09 12:01:47,425 metawiki.parse_etl.lineage INFO   [d0] mt_ads_pre.ads_gamebi_roger_secondary_di.indicator_map <= cte:job.100054298_0:result_tbl.indicator_map [derived]  ⟵ MAP_CONCAT(COALESCE(res.indicator_map, CAST(MAP() AS MAP<STRING, DECIMAL(38, 18)
2026-06-09 12:01:47,425 metawiki.parse_etl.lineage INFO   [d0] mt_ads_pre.ads_gamebi_roger_secondary_di.indicator_map <= subquery:job.100046563_0:final_insert_branch_1.indicator_map [derived]  ⟵ UNION_BRANCH_COLUMN[4]
2026-06-09 12:01:47,426 metawiki.parse_etl.lineage INFO   [d0] mt_ads_pre.ads_gamebi_roger_secondary_di.indicator_map <= subquery:job.100046563_0:final_insert_branch_2.indicator_map [derived]  ⟵ UNION_BRANCH_COLUMN[4]
2026-06-09 12:01:47,426 metawiki.parse_etl.lineage INFO     [d1] cte:job.100054298_0:result_tbl.indicator_map <= subquery:job.100054298_0:subquery_2.actual_pay_amt [derived]  ⟵ CAST(MAP('actual_pay_amt', actual_pay_amt, 'pay_amt', pay_amt) AS MAP<STRING, DE
2026-06-09 12:01:47,426 metawiki.parse_etl.lineage INFO     [d1] cte:job.100054298_0:result_tbl.indicator_map <= subquery:job.100054298_0:subquery_2.pay_amt [derived]  ⟵ CAST(MAP('actual_pay_amt', actual_pay_amt, 'pay_amt', pay_amt) AS MAP<STRING, DE
2026-06-09 12:01:47,426 metawiki.parse_etl.lineage INFO     [d1] subquery:job.100046563_0:final_insert_branch_1.indicator_map <= subquery:job.100046563_0:subquery_9.avg_active_cnt [derived]  ⟵ CAST(MAP('avg_active_cnt', COALESCE(avg_active_cnt, 0), 'mau', COALESCE(mau, 0))
2026-06-09 12:01:47,426 metawiki.parse_etl.lineage INFO     [d1] subquery:job.100046563_0:final_insert_branch_1.indicator_map <= subquery:job.100046563_0:subquery_9.mau [derived]  ⟵ CAST(MAP('avg_active_cnt', COALESCE(avg_active_cnt, 0), 'mau', COALESCE(mau, 0))
2026-06-09 12:01:47,426 metawiki.parse_etl.lineage INFO     [d1] subquery:job.100046563_0:final_insert_branch_2.indicator_map <= subquery:job.100046563_0:subquery_11.avg_active_cnt [derived]  ⟵ CAST(MAP('avg_active_cnt', COALESCE(avg_active_cnt, 0), 'mau', COALESCE(mau, 0))
2026-06-09 12:01:47,426 metawiki.parse_etl.lineage INFO     [d1] subquery:job.100046563_0:final_insert_branch_2.indicator_map <= subquery:job.100046563_0:subquery_11.mau [derived]  ⟵ CAST(MAP('avg_active_cnt', COALESCE(avg_active_cnt, 0), 'mau', COALESCE(mau, 0))
2026-06-09 12:01:47,426 metawiki.parse_etl.lineage INFO       [d2] subquery:job.100054298_0:subquery_2.actual_pay_amt <= subquery:job.100054298_0:b.actual_pay_amt [aggregated]  ⟵ COALESCE(SUM(b.actual_pay_amt), 0) AS actual_pay_amt
2026-06-09 12:01:47,426 metawiki.parse_etl.lineage INFO       [d2] subquery:job.100054298_0:subquery_2.pay_amt <= subquery:job.100054298_0:b.pay_amt [aggregated]  ⟵ COALESCE(SUM(b.pay_amt), 0) AS pay_amt
2026-06-09 12:01:47,426 metawiki.parse_etl.lineage INFO       [d2] subquery:job.100046563_0:subquery_9.avg_active_cnt <= cte:job.100046563_0:t_active_di.active_days [aggregated]  ⟵ COALESCE(SUM(act.active_days) / (CASE WHEN SUBSTRING('2026-05-31', 1, 7) = '2023
2026-06-09 12:01:47,426 metawiki.parse_etl.lineage INFO       [d2] subquery:job.100046563_0:subquery_9.mau <= cte:job.100046563_0:t_active_di.roleid [aggregated]  ⟵ COUNT(DISTINCT act.roleid) AS mau
2026-06-09 12:01:47,426 metawiki.parse_etl.lineage INFO       [d2] subquery:job.100046563_0:subquery_11.avg_active_cnt <= cte:job.100046563_0:t_active_di.active_days [aggregated]  ⟵ COALESCE(SUM(act.active_days) / (CASE WHEN SUBSTRING('2026-05-31', 1, 7) = '2023
2026-06-09 12:01:47,426 metawiki.parse_etl.lineage INFO       [d2] subquery:job.100046563_0:subquery_11.mau <= cte:job.100046563_0:t_active_di.roleid [aggregated]  ⟵ COUNT(DISTINCT act.roleid) AS mau
2026-06-09 12:01:47,426 metawiki.parse_etl.lineage INFO         [d3] subquery:job.100054298_0:b.actual_pay_amt <= mt_dm.dm_multi_decismart_core_df_test.actual_pay_amt [aggregated]  ⟵ SUM(actual_pay_amt) AS actual_pay_amt /* 活跃天数 */
2026-06-09 12:01:47,426 metawiki.parse_etl.lineage INFO         [d3] subquery:job.100054298_0:b.pay_amt <= mt_dm.dm_multi_decismart_core_df_test.pay_amt [aggregated]  ⟵ SUM(pay_amt) AS pay_amt
2026-06-09 12:01:47,426 metawiki.parse_etl.lineage INFO         [d3] cte:job.100046563_0:t_active_di.active_days <= bi_test.dwm_zgame_active_role_zone_di.logymd [aggregated]  ⟵ COUNT(DISTINCT logymd) AS active_days
2026-06-09 12:01:47,426 metawiki.parse_etl.lineage INFO         [d3] cte:job.100046563_0:t_active_di.roleid <= bi_test.dwm_zgame_active_role_zone_di.roleid [direct]  ⟵ roleid
2026-06-09 12:01:47,426 metawiki.parse_etl.lineage INFO         [d3] cte:job.100046563_0:t_active_di.active_days <= bi_test.dwm_zgame_active_role_zone_di.logymd [aggregated]  ⟵ COUNT(DISTINCT logymd) AS active_days
2026-06-09 12:01:47,426 metawiki.parse_etl.lineage INFO         [d3] cte:job.100046563_0:t_active_di.roleid <= bi_test.dwm_zgame_active_role_zone_di.roleid [direct]  ⟵ roleid
2026-06-09 12:01:47,426 metawiki.parse_etl.lineage INFO           [d4] bi_test.dwm_zgame_active_role_zone_di.roleid <= cte:job.100028600_0:base_info.roleid [direct]  ⟵ base_info.roleid
2026-06-09 12:01:47,426 metawiki.parse_etl.lineage INFO           [d4] bi_test.dwm_zgame_active_role_zone_di.roleid <= cte:job.100028600_0:base_info.roleid [direct]  ⟵ base_info.roleid
2026-06-09 12:01:47,426 metawiki.parse_etl.lineage INFO             [d5] cte:job.100028600_0:base_info.roleid <= subquery:job.100028600_0:subquery_2.roleid [direct]  ⟵ roleid
2026-06-09 12:01:47,426 metawiki.parse_etl.lineage INFO             [d5] cte:job.100028600_0:base_info.roleid <= subquery:job.100028600_0:subquery_2.roleid [direct]  ⟵ roleid
2026-06-09 12:01:47,426 metawiki.parse_etl.lineage INFO               [d6] subquery:job.100028600_0:subquery_2.roleid <= subquery:job.100028600_0:subquery_2_branch_1.roleid [derived]  ⟵ UNION_BRANCH_COLUMN[1]
2026-06-09 12:01:47,426 metawiki.parse_etl.lineage INFO               [d6] subquery:job.100028600_0:subquery_2.roleid <= subquery:job.100028600_0:subquery_2_branch_2.roleid [derived]  ⟵ UNION_BRANCH_COLUMN[1]
2026-06-09 12:01:47,426 metawiki.parse_etl.lineage INFO               [d6] subquery:job.100028600_0:subquery_2.roleid <= subquery:job.100028600_0:subquery_2_branch_3.roleid [derived]  ⟵ UNION_BRANCH_COLUMN[1]
2026-06-09 12:01:47,426 metawiki.parse_etl.lineage INFO               [d6] subquery:job.100028600_0:subquery_2.roleid <= subquery:job.100028600_0:subquery_2_branch_4.roleid [derived]  ⟵ UNION_BRANCH_COLUMN[1]
2026-06-09 12:01:47,426 metawiki.parse_etl.lineage INFO               [d6] subquery:job.100028600_0:subquery_2.roleid <= subquery:job.100028600_0:subquery_2_branch_1.roleid [derived]  ⟵ UNION_BRANCH_COLUMN[1]
2026-06-09 12:01:47,426 metawiki.parse_etl.lineage INFO               [d6] subquery:job.100028600_0:subquery_2.roleid <= subquery:job.100028600_0:subquery_2_branch_2.roleid [derived]  ⟵ UNION_BRANCH_COLUMN[1]
2026-06-09 12:01:47,426 metawiki.parse_etl.lineage INFO               [d6] subquery:job.100028600_0:subquery_2.roleid <= subquery:job.100028600_0:subquery_2_branch_3.roleid [derived]  ⟵ UNION_BRANCH_COLUMN[1]
2026-06-09 12:01:47,426 metawiki.parse_etl.lineage INFO               [d6] subquery:job.100028600_0:subquery_2.roleid <= subquery:job.100028600_0:subquery_2_branch_4.roleid [derived]  ⟵ UNION_BRANCH_COLUMN[1]
2026-06-09 12:01:47,426 metawiki.parse_etl.lineage INFO                 [d7] subquery:job.100028600_0:subquery_2_branch_1.roleid <= zgame_damai_ods.gameserver_login.roleid [direct]  ⟵ roleid
2026-06-09 12:01:47,426 metawiki.parse_etl.lineage INFO                 [d7] subquery:job.100028600_0:subquery_2_branch_2.roleid <= zgame_damai_ods.gameserver_logout.roleid [direct]  ⟵ roleid
2026-06-09 12:01:47,426 metawiki.parse_etl.lineage INFO                 [d7] subquery:job.100028600_0:subquery_2_branch_3.roleid <= zgame_damai_ods.gameserver_charge.roleid [direct]  ⟵ roleid
2026-06-09 12:01:47,426 metawiki.parse_etl.lineage INFO                 [d7] subquery:job.100028600_0:subquery_2_branch_4.roleid <= zgame_damai_ods.gameserver_fight_pve.roleid [direct]  ⟵ roleid
2026-06-09 12:01:47,426 metawiki.parse_etl.lineage INFO                 [d7] subquery:job.100028600_0:subquery_2_branch_1.roleid <= zgame_damai_ods.gameserver_login.roleid [direct]  ⟵ roleid
2026-06-09 12:01:47,426 metawiki.parse_etl.lineage INFO                 [d7] subquery:job.100028600_0:subquery_2_branch_2.roleid <= zgame_damai_ods.gameserver_logout.roleid [direct]  ⟵ roleid
2026-06-09 12:01:47,426 metawiki.parse_etl.lineage INFO                 [d7] subquery:job.100028600_0:subquery_2_branch_3.roleid <= zgame_damai_ods.gameserver_charge.roleid [direct]  ⟵ roleid
2026-06-09 12:01:47,426 metawiki.parse_etl.lineage INFO                 [d7] subquery:job.100028600_0:subquery_2_branch_4.roleid <= zgame_damai_ods.gameserver_fight_pve.roleid [direct]  ⟵ roleid
2026-06-09 12:08:12,407 metawiki.parse_etl.lineage INFO 追溯 mt_ads_pre.ads_gamebi_roger_secondary_di.indicator_map 的计算来源(上游)(共 41 跳边):
2026-06-09 12:08:12,407 metawiki.parse_etl.lineage INFO   [d0] mt_ads_pre.ads_gamebi_roger_secondary_di.indicator_map <= cte:job.100054298_0:result_tbl.indicator_map [derived]  ⟵ MAP_CONCAT(COALESCE(res.indicator_map, CAST(MAP() AS MAP<STRING, DECIMAL(38, 18)
2026-06-09 12:08:12,408 metawiki.parse_etl.lineage INFO   [d0] mt_ads_pre.ads_gamebi_roger_secondary_di.indicator_map <= subquery:job.100046563_0:final_insert_branch_1.indicator_map [derived]  ⟵ UNION_BRANCH_COLUMN[4]
2026-06-09 12:08:12,408 metawiki.parse_etl.lineage INFO   [d0] mt_ads_pre.ads_gamebi_roger_secondary_di.indicator_map <= subquery:job.100046563_0:final_insert_branch_2.indicator_map [derived]  ⟵ UNION_BRANCH_COLUMN[4]
2026-06-09 12:08:12,408 metawiki.parse_etl.lineage INFO     [d1] cte:job.100054298_0:result_tbl.indicator_map <= subquery:job.100054298_0:subquery_2.actual_pay_amt [derived]  ⟵ CAST(MAP('actual_pay_amt', actual_pay_amt, 'pay_amt', pay_amt) AS MAP<STRING, DE
2026-06-09 12:08:12,408 metawiki.parse_etl.lineage INFO     [d1] cte:job.100054298_0:result_tbl.indicator_map <= subquery:job.100054298_0:subquery_2.pay_amt [derived]  ⟵ CAST(MAP('actual_pay_amt', actual_pay_amt, 'pay_amt', pay_amt) AS MAP<STRING, DE
2026-06-09 12:08:12,408 metawiki.parse_etl.lineage INFO     [d1] subquery:job.100046563_0:final_insert_branch_1.indicator_map <= subquery:job.100046563_0:subquery_9.avg_active_cnt [derived]  ⟵ CAST(MAP('avg_active_cnt', COALESCE(avg_active_cnt, 0), 'mau', COALESCE(mau, 0))
2026-06-09 12:08:12,408 metawiki.parse_etl.lineage INFO     [d1] subquery:job.100046563_0:final_insert_branch_1.indicator_map <= subquery:job.100046563_0:subquery_9.mau [derived]  ⟵ CAST(MAP('avg_active_cnt', COALESCE(avg_active_cnt, 0), 'mau', COALESCE(mau, 0))
2026-06-09 12:08:12,408 metawiki.parse_etl.lineage INFO     [d1] subquery:job.100046563_0:final_insert_branch_2.indicator_map <= subquery:job.100046563_0:subquery_11.avg_active_cnt [derived]  ⟵ CAST(MAP('avg_active_cnt', COALESCE(avg_active_cnt, 0), 'mau', COALESCE(mau, 0))
2026-06-09 12:08:12,408 metawiki.parse_etl.lineage INFO     [d1] subquery:job.100046563_0:final_insert_branch_2.indicator_map <= subquery:job.100046563_0:subquery_11.mau [derived]  ⟵ CAST(MAP('avg_active_cnt', COALESCE(avg_active_cnt, 0), 'mau', COALESCE(mau, 0))
2026-06-09 12:08:12,408 metawiki.parse_etl.lineage INFO       [d2] subquery:job.100054298_0:subquery_2.actual_pay_amt <= subquery:job.100054298_0:b.actual_pay_amt [aggregated]  ⟵ COALESCE(SUM(b.actual_pay_amt), 0) AS actual_pay_amt
2026-06-09 12:08:12,408 metawiki.parse_etl.lineage INFO       [d2] subquery:job.100054298_0:subquery_2.pay_amt <= subquery:job.100054298_0:b.pay_amt [aggregated]  ⟵ COALESCE(SUM(b.pay_amt), 0) AS pay_amt
2026-06-09 12:08:12,408 metawiki.parse_etl.lineage INFO       [d2] subquery:job.100046563_0:subquery_9.avg_active_cnt <= cte:job.100046563_0:t_active_di.active_days [aggregated]  ⟵ COALESCE(SUM(act.active_days) / (CASE WHEN SUBSTRING('2026-05-31', 1, 7) = '2023
2026-06-09 12:08:12,408 metawiki.parse_etl.lineage INFO       [d2] subquery:job.100046563_0:subquery_9.mau <= cte:job.100046563_0:t_active_di.roleid [aggregated]  ⟵ COUNT(DISTINCT act.roleid) AS mau
2026-06-09 12:08:12,408 metawiki.parse_etl.lineage INFO       [d2] subquery:job.100046563_0:subquery_11.avg_active_cnt <= cte:job.100046563_0:t_active_di.active_days [aggregated]  ⟵ COALESCE(SUM(act.active_days) / (CASE WHEN SUBSTRING('2026-05-31', 1, 7) = '2023
2026-06-09 12:08:12,408 metawiki.parse_etl.lineage INFO       [d2] subquery:job.100046563_0:subquery_11.mau <= cte:job.100046563_0:t_active_di.roleid [aggregated]  ⟵ COUNT(DISTINCT act.roleid) AS mau
2026-06-09 12:08:12,408 metawiki.parse_etl.lineage INFO         [d3] subquery:job.100054298_0:b.actual_pay_amt <= mt_dm.dm_multi_decismart_core_df_test.actual_pay_amt [aggregated]  ⟵ SUM(actual_pay_amt) AS actual_pay_amt /* 活跃天数 */
2026-06-09 12:08:12,408 metawiki.parse_etl.lineage INFO         [d3] subquery:job.100054298_0:b.pay_amt <= mt_dm.dm_multi_decismart_core_df_test.pay_amt [aggregated]  ⟵ SUM(pay_amt) AS pay_amt
2026-06-09 12:08:12,408 metawiki.parse_etl.lineage INFO         [d3] cte:job.100046563_0:t_active_di.active_days <= bi_test.dwm_zgame_active_role_zone_di.logymd [aggregated]  ⟵ COUNT(DISTINCT logymd) AS active_days
2026-06-09 12:08:12,408 metawiki.parse_etl.lineage INFO         [d3] cte:job.100046563_0:t_active_di.roleid <= bi_test.dwm_zgame_active_role_zone_di.roleid [direct]  ⟵ roleid
2026-06-09 12:08:12,408 metawiki.parse_etl.lineage INFO         [d3] cte:job.100046563_0:t_active_di.active_days <= bi_test.dwm_zgame_active_role_zone_di.logymd [aggregated]  ⟵ COUNT(DISTINCT logymd) AS active_days
2026-06-09 12:08:12,408 metawiki.parse_etl.lineage INFO         [d3] cte:job.100046563_0:t_active_di.roleid <= bi_test.dwm_zgame_active_role_zone_di.roleid [direct]  ⟵ roleid
2026-06-09 12:08:12,408 metawiki.parse_etl.lineage INFO           [d4] bi_test.dwm_zgame_active_role_zone_di.roleid <= cte:job.100028600_0:base_info.roleid [direct]  ⟵ base_info.roleid
2026-06-09 12:08:12,408 metawiki.parse_etl.lineage INFO           [d4] bi_test.dwm_zgame_active_role_zone_di.roleid <= cte:job.100028600_0:base_info.roleid [direct]  ⟵ base_info.roleid
2026-06-09 12:08:12,408 metawiki.parse_etl.lineage INFO             [d5] cte:job.100028600_0:base_info.roleid <= subquery:job.100028600_0:subquery_2.roleid [direct]  ⟵ roleid
2026-06-09 12:08:12,408 metawiki.parse_etl.lineage INFO             [d5] cte:job.100028600_0:base_info.roleid <= subquery:job.100028600_0:subquery_2.roleid [direct]  ⟵ roleid
2026-06-09 12:08:12,408 metawiki.parse_etl.lineage INFO               [d6] subquery:job.100028600_0:subquery_2.roleid <= subquery:job.100028600_0:subquery_2_branch_1.roleid [derived]  ⟵ UNION_BRANCH_COLUMN[1]
2026-06-09 12:08:12,408 metawiki.parse_etl.lineage INFO               [d6] subquery:job.100028600_0:subquery_2.roleid <= subquery:job.100028600_0:subquery_2_branch_2.roleid [derived]  ⟵ UNION_BRANCH_COLUMN[1]
2026-06-09 12:08:12,408 metawiki.parse_etl.lineage INFO               [d6] subquery:job.100028600_0:subquery_2.roleid <= subquery:job.100028600_0:subquery_2_branch_3.roleid [derived]  ⟵ UNION_BRANCH_COLUMN[1]
2026-06-09 12:08:12,408 metawiki.parse_etl.lineage INFO               [d6] subquery:job.100028600_0:subquery_2.roleid <= subquery:job.100028600_0:subquery_2_branch_4.roleid [derived]  ⟵ UNION_BRANCH_COLUMN[1]
2026-06-09 12:08:12,408 metawiki.parse_etl.lineage INFO               [d6] subquery:job.100028600_0:subquery_2.roleid <= subquery:job.100028600_0:subquery_2_branch_1.roleid [derived]  ⟵ UNION_BRANCH_COLUMN[1]
2026-06-09 12:08:12,408 metawiki.parse_etl.lineage INFO               [d6] subquery:job.100028600_0:subquery_2.roleid <= subquery:job.100028600_0:subquery_2_branch_2.roleid [derived]  ⟵ UNION_BRANCH_COLUMN[1]
2026-06-09 12:08:12,408 metawiki.parse_etl.lineage INFO               [d6] subquery:job.100028600_0:subquery_2.roleid <= subquery:job.100028600_0:subquery_2_branch_3.roleid [derived]  ⟵ UNION_BRANCH_COLUMN[1]
2026-06-09 12:08:12,408 metawiki.parse_etl.lineage INFO               [d6] subquery:job.100028600_0:subquery_2.roleid <= subquery:job.100028600_0:subquery_2_branch_4.roleid [derived]  ⟵ UNION_BRANCH_COLUMN[1]
2026-06-09 12:08:12,408 metawiki.parse_etl.lineage INFO                 [d7] subquery:job.100028600_0:subquery_2_branch_1.roleid <= zgame_damai_ods.gameserver_login.roleid [direct]  ⟵ roleid
2026-06-09 12:08:12,408 metawiki.parse_etl.lineage INFO                 [d7] subquery:job.100028600_0:subquery_2_branch_2.roleid <= zgame_damai_ods.gameserver_logout.roleid [direct]  ⟵ roleid
2026-06-09 12:08:12,408 metawiki.parse_etl.lineage INFO                 [d7] subquery:job.100028600_0:subquery_2_branch_3.roleid <= zgame_damai_ods.gameserver_charge.roleid [direct]  ⟵ roleid
2026-06-09 12:08:12,408 metawiki.parse_etl.lineage INFO                 [d7] subquery:job.100028600_0:subquery_2_branch_4.roleid <= zgame_damai_ods.gameserver_fight_pve.roleid [direct]  ⟵ roleid
2026-06-09 12:08:12,408 metawiki.parse_etl.lineage INFO                 [d7] subquery:job.100028600_0:subquery_2_branch_1.roleid <= zgame_damai_ods.gameserver_login.roleid [direct]  ⟵ roleid
2026-06-09 12:08:12,408 metawiki.parse_etl.lineage INFO                 [d7] subquery:job.100028600_0:subquery_2_branch_2.roleid <= zgame_damai_ods.gameserver_logout.roleid [direct]  ⟵ roleid
2026-06-09 12:08:12,408 metawiki.parse_etl.lineage INFO                 [d7] subquery:job.100028600_0:subquery_2_branch_3.roleid <= zgame_damai_ods.gameserver_charge.roleid [direct]  ⟵ roleid
2026-06-09 12:08:12,408 metawiki.parse_etl.lineage INFO                 [d7] subquery:job.100028600_0:subquery_2_branch_4.roleid <= zgame_damai_ods.gameserver_fight_pve.roleid [direct]  ⟵ roleid
2026-06-09 12:11:49,453 metawiki.parse_etl.lineage INFO 追溯 mt_ads_pre.ads_gamebi_roger_secondary_di.indicator_map 的计算来源(上游)(共 8 跳边):
2026-06-09 12:11:49,453 metawiki.parse_etl.lineage INFO   [d0] mt_ads_pre.ads_gamebi_roger_secondary_di.indicator_map <= mt_dm.dm_multi_decismart_core_df_test.actual_pay_amt [aggregated]  ⟵ SUM(actual_pay_amt) AS actual_pay_amt /* 活跃天数 */
2026-06-09 12:11:49,454 metawiki.parse_etl.lineage INFO   [d0] mt_ads_pre.ads_gamebi_roger_secondary_di.indicator_map <= mt_dm.dm_multi_decismart_core_df_test.pay_amt [aggregated]  ⟵ SUM(pay_amt) AS pay_amt
2026-06-09 12:11:49,454 metawiki.parse_etl.lineage INFO   [d0] mt_ads_pre.ads_gamebi_roger_secondary_di.indicator_map <= bi_test.dwm_zgame_active_role_zone_di.logymd [aggregated]  ⟵ COUNT(DISTINCT logymd) AS active_days
2026-06-09 12:11:49,454 metawiki.parse_etl.lineage INFO   [d0] mt_ads_pre.ads_gamebi_roger_secondary_di.indicator_map <= bi_test.dwm_zgame_active_role_zone_di.roleid [direct]  ⟵ roleid
2026-06-09 12:11:49,454 metawiki.parse_etl.lineage INFO     [d1] bi_test.dwm_zgame_active_role_zone_di.roleid <= zgame_damai_ods.gameserver_login.roleid [direct]  ⟵ roleid
2026-06-09 12:11:49,454 metawiki.parse_etl.lineage INFO     [d1] bi_test.dwm_zgame_active_role_zone_di.roleid <= zgame_damai_ods.gameserver_logout.roleid [direct]  ⟵ roleid
2026-06-09 12:11:49,454 metawiki.parse_etl.lineage INFO     [d1] bi_test.dwm_zgame_active_role_zone_di.roleid <= zgame_damai_ods.gameserver_charge.roleid [direct]  ⟵ roleid
2026-06-09 12:11:49,454 metawiki.parse_etl.lineage INFO     [d1] bi_test.dwm_zgame_active_role_zone_di.roleid <= zgame_damai_ods.gameserver_fight_pve.roleid [direct]  ⟵ roleid
2026-06-09 12:12:10,212 metawiki.parse_etl.lineage INFO 追溯 mt_ads_pre.ads_gamebi_roger_secondary_di.indicator_map 的计算来源(上游)(共 8 跳边):
2026-06-09 12:12:10,212 metawiki.parse_etl.lineage INFO   [d0] mt_ads_pre.ads_gamebi_roger_secondary_di.indicator_map <= mt_dm.dm_multi_decismart_core_df_test.actual_pay_amt [aggregated]  ⟵ SUM(actual_pay_amt) AS actual_pay_amt /* 活跃天数 */
2026-06-09 12:12:10,212 metawiki.parse_etl.lineage INFO   [d0] mt_ads_pre.ads_gamebi_roger_secondary_di.indicator_map <= mt_dm.dm_multi_decismart_core_df_test.pay_amt [aggregated]  ⟵ SUM(pay_amt) AS pay_amt
2026-06-09 12:12:10,212 metawiki.parse_etl.lineage INFO   [d0] mt_ads_pre.ads_gamebi_roger_secondary_di.indicator_map <= bi_test.dwm_zgame_active_role_zone_di.logymd [aggregated]  ⟵ COUNT(DISTINCT logymd) AS active_days
2026-06-09 12:12:10,212 metawiki.parse_etl.lineage INFO   [d0] mt_ads_pre.ads_gamebi_roger_secondary_di.indicator_map <= bi_test.dwm_zgame_active_role_zone_di.roleid [direct]  ⟵ roleid
2026-06-09 12:12:10,212 metawiki.parse_etl.lineage INFO     [d1] bi_test.dwm_zgame_active_role_zone_di.roleid <= zgame_damai_ods.gameserver_login.roleid [direct]  ⟵ roleid
2026-06-09 12:12:10,212 metawiki.parse_etl.lineage INFO     [d1] bi_test.dwm_zgame_active_role_zone_di.roleid <= zgame_damai_ods.gameserver_logout.roleid [direct]  ⟵ roleid
2026-06-09 12:12:10,212 metawiki.parse_etl.lineage INFO     [d1] bi_test.dwm_zgame_active_role_zone_di.roleid <= zgame_damai_ods.gameserver_charge.roleid [direct]  ⟵ roleid
2026-06-09 12:12:10,212 metawiki.parse_etl.lineage INFO     [d1] bi_test.dwm_zgame_active_role_zone_di.roleid <= zgame_damai_ods.gameserver_fight_pve.roleid [direct]  ⟵ roleid
2026-06-09 12:12:10,319 metawiki.parse_etl.lineage INFO 追溯 mt_ads_pre.ads_gamebi_roger_secondary_di.indicator_map 的计算来源(上游)(共 41 跳边):
2026-06-09 12:12:10,319 metawiki.parse_etl.lineage INFO   [d0] mt_ads_pre.ads_gamebi_roger_secondary_di.indicator_map <= cte:job.100054298_0:result_tbl.indicator_map [derived]  ⟵ MAP_CONCAT(COALESCE(res.indicator_map, CAST(MAP() AS MAP<STRING, DECIMAL(38, 18)
2026-06-09 12:12:10,320 metawiki.parse_etl.lineage INFO   [d0] mt_ads_pre.ads_gamebi_roger_secondary_di.indicator_map <= subquery:job.100046563_0:final_insert_branch_1.indicator_map [derived]  ⟵ UNION_BRANCH_COLUMN[4]
2026-06-09 12:12:10,320 metawiki.parse_etl.lineage INFO   [d0] mt_ads_pre.ads_gamebi_roger_secondary_di.indicator_map <= subquery:job.100046563_0:final_insert_branch_2.indicator_map [derived]  ⟵ UNION_BRANCH_COLUMN[4]
2026-06-09 12:12:10,320 metawiki.parse_etl.lineage INFO     [d1] cte:job.100054298_0:result_tbl.indicator_map <= subquery:job.100054298_0:subquery_2.actual_pay_amt [derived]  ⟵ CAST(MAP('actual_pay_amt', actual_pay_amt, 'pay_amt', pay_amt) AS MAP<STRING, DE
2026-06-09 12:12:10,320 metawiki.parse_etl.lineage INFO     [d1] cte:job.100054298_0:result_tbl.indicator_map <= subquery:job.100054298_0:subquery_2.pay_amt [derived]  ⟵ CAST(MAP('actual_pay_amt', actual_pay_amt, 'pay_amt', pay_amt) AS MAP<STRING, DE
2026-06-09 12:12:10,320 metawiki.parse_etl.lineage INFO     [d1] subquery:job.100046563_0:final_insert_branch_1.indicator_map <= subquery:job.100046563_0:subquery_9.avg_active_cnt [derived]  ⟵ CAST(MAP('avg_active_cnt', COALESCE(avg_active_cnt, 0), 'mau', COALESCE(mau, 0))
2026-06-09 12:12:10,320 metawiki.parse_etl.lineage INFO     [d1] subquery:job.100046563_0:final_insert_branch_1.indicator_map <= subquery:job.100046563_0:subquery_9.mau [derived]  ⟵ CAST(MAP('avg_active_cnt', COALESCE(avg_active_cnt, 0), 'mau', COALESCE(mau, 0))
2026-06-09 12:12:10,320 metawiki.parse_etl.lineage INFO     [d1] subquery:job.100046563_0:final_insert_branch_2.indicator_map <= subquery:job.100046563_0:subquery_11.avg_active_cnt [derived]  ⟵ CAST(MAP('avg_active_cnt', COALESCE(avg_active_cnt, 0), 'mau', COALESCE(mau, 0))
2026-06-09 12:12:10,320 metawiki.parse_etl.lineage INFO     [d1] subquery:job.100046563_0:final_insert_branch_2.indicator_map <= subquery:job.100046563_0:subquery_11.mau [derived]  ⟵ CAST(MAP('avg_active_cnt', COALESCE(avg_active_cnt, 0), 'mau', COALESCE(mau, 0))
2026-06-09 12:12:10,320 metawiki.parse_etl.lineage INFO       [d2] subquery:job.100054298_0:subquery_2.actual_pay_amt <= subquery:job.100054298_0:b.actual_pay_amt [aggregated]  ⟵ COALESCE(SUM(b.actual_pay_amt), 0) AS actual_pay_amt
2026-06-09 12:12:10,320 metawiki.parse_etl.lineage INFO       [d2] subquery:job.100054298_0:subquery_2.pay_amt <= subquery:job.100054298_0:b.pay_amt [aggregated]  ⟵ COALESCE(SUM(b.pay_amt), 0) AS pay_amt
2026-06-09 12:12:10,320 metawiki.parse_etl.lineage INFO       [d2] subquery:job.100046563_0:subquery_9.avg_active_cnt <= cte:job.100046563_0:t_active_di.active_days [aggregated]  ⟵ COALESCE(SUM(act.active_days) / (CASE WHEN SUBSTRING('2026-05-31', 1, 7) = '2023
2026-06-09 12:12:10,320 metawiki.parse_etl.lineage INFO       [d2] subquery:job.100046563_0:subquery_9.mau <= cte:job.100046563_0:t_active_di.roleid [aggregated]  ⟵ COUNT(DISTINCT act.roleid) AS mau
2026-06-09 12:12:10,320 metawiki.parse_etl.lineage INFO       [d2] subquery:job.100046563_0:subquery_11.avg_active_cnt <= cte:job.100046563_0:t_active_di.active_days [aggregated]  ⟵ COALESCE(SUM(act.active_days) / (CASE WHEN SUBSTRING('2026-05-31', 1, 7) = '2023
2026-06-09 12:12:10,320 metawiki.parse_etl.lineage INFO       [d2] subquery:job.100046563_0:subquery_11.mau <= cte:job.100046563_0:t_active_di.roleid [aggregated]  ⟵ COUNT(DISTINCT act.roleid) AS mau
2026-06-09 12:12:10,320 metawiki.parse_etl.lineage INFO         [d3] subquery:job.100054298_0:b.actual_pay_amt <= mt_dm.dm_multi_decismart_core_df_test.actual_pay_amt [aggregated]  ⟵ SUM(actual_pay_amt) AS actual_pay_amt /* 活跃天数 */
2026-06-09 12:12:10,320 metawiki.parse_etl.lineage INFO         [d3] subquery:job.100054298_0:b.pay_amt <= mt_dm.dm_multi_decismart_core_df_test.pay_amt [aggregated]  ⟵ SUM(pay_amt) AS pay_amt
2026-06-09 12:12:10,320 metawiki.parse_etl.lineage INFO         [d3] cte:job.100046563_0:t_active_di.active_days <= bi_test.dwm_zgame_active_role_zone_di.logymd [aggregated]  ⟵ COUNT(DISTINCT logymd) AS active_days
2026-06-09 12:12:10,320 metawiki.parse_etl.lineage INFO         [d3] cte:job.100046563_0:t_active_di.roleid <= bi_test.dwm_zgame_active_role_zone_di.roleid [direct]  ⟵ roleid
2026-06-09 12:12:10,320 metawiki.parse_etl.lineage INFO         [d3] cte:job.100046563_0:t_active_di.active_days <= bi_test.dwm_zgame_active_role_zone_di.logymd [aggregated]  ⟵ COUNT(DISTINCT logymd) AS active_days
2026-06-09 12:12:10,320 metawiki.parse_etl.lineage INFO         [d3] cte:job.100046563_0:t_active_di.roleid <= bi_test.dwm_zgame_active_role_zone_di.roleid [direct]  ⟵ roleid
2026-06-09 12:12:10,320 metawiki.parse_etl.lineage INFO           [d4] bi_test.dwm_zgame_active_role_zone_di.roleid <= cte:job.100028600_0:base_info.roleid [direct]  ⟵ base_info.roleid
2026-06-09 12:12:10,320 metawiki.parse_etl.lineage INFO           [d4] bi_test.dwm_zgame_active_role_zone_di.roleid <= cte:job.100028600_0:base_info.roleid [direct]  ⟵ base_info.roleid
2026-06-09 12:12:10,320 metawiki.parse_etl.lineage INFO             [d5] cte:job.100028600_0:base_info.roleid <= subquery:job.100028600_0:subquery_2.roleid [direct]  ⟵ roleid
2026-06-09 12:12:10,320 metawiki.parse_etl.lineage INFO             [d5] cte:job.100028600_0:base_info.roleid <= subquery:job.100028600_0:subquery_2.roleid [direct]  ⟵ roleid
2026-06-09 12:12:10,320 metawiki.parse_etl.lineage INFO               [d6] subquery:job.100028600_0:subquery_2.roleid <= subquery:job.100028600_0:subquery_2_branch_1.roleid [derived]  ⟵ UNION_BRANCH_COLUMN[1]
2026-06-09 12:12:10,320 metawiki.parse_etl.lineage INFO               [d6] subquery:job.100028600_0:subquery_2.roleid <= subquery:job.100028600_0:subquery_2_branch_2.roleid [derived]  ⟵ UNION_BRANCH_COLUMN[1]
2026-06-09 12:12:10,320 metawiki.parse_etl.lineage INFO               [d6] subquery:job.100028600_0:subquery_2.roleid <= subquery:job.100028600_0:subquery_2_branch_3.roleid [derived]  ⟵ UNION_BRANCH_COLUMN[1]
2026-06-09 12:12:10,320 metawiki.parse_etl.lineage INFO               [d6] subquery:job.100028600_0:subquery_2.roleid <= subquery:job.100028600_0:subquery_2_branch_4.roleid [derived]  ⟵ UNION_BRANCH_COLUMN[1]
2026-06-09 12:12:10,320 metawiki.parse_etl.lineage INFO               [d6] subquery:job.100028600_0:subquery_2.roleid <= subquery:job.100028600_0:subquery_2_branch_1.roleid [derived]  ⟵ UNION_BRANCH_COLUMN[1]
2026-06-09 12:12:10,320 metawiki.parse_etl.lineage INFO               [d6] subquery:job.100028600_0:subquery_2.roleid <= subquery:job.100028600_0:subquery_2_branch_2.roleid [derived]  ⟵ UNION_BRANCH_COLUMN[1]
2026-06-09 12:12:10,320 metawiki.parse_etl.lineage INFO               [d6] subquery:job.100028600_0:subquery_2.roleid <= subquery:job.100028600_0:subquery_2_branch_3.roleid [derived]  ⟵ UNION_BRANCH_COLUMN[1]
2026-06-09 12:12:10,320 metawiki.parse_etl.lineage INFO               [d6] subquery:job.100028600_0:subquery_2.roleid <= subquery:job.100028600_0:subquery_2_branch_4.roleid [derived]  ⟵ UNION_BRANCH_COLUMN[1]
2026-06-09 12:12:10,320 metawiki.parse_etl.lineage INFO                 [d7] subquery:job.100028600_0:subquery_2_branch_1.roleid <= zgame_damai_ods.gameserver_login.roleid [direct]  ⟵ roleid
2026-06-09 12:12:10,320 metawiki.parse_etl.lineage INFO                 [d7] subquery:job.100028600_0:subquery_2_branch_2.roleid <= zgame_damai_ods.gameserver_logout.roleid [direct]  ⟵ roleid
2026-06-09 12:12:10,320 metawiki.parse_etl.lineage INFO                 [d7] subquery:job.100028600_0:subquery_2_branch_3.roleid <= zgame_damai_ods.gameserver_charge.roleid [direct]  ⟵ roleid
2026-06-09 12:12:10,320 metawiki.parse_etl.lineage INFO                 [d7] subquery:job.100028600_0:subquery_2_branch_4.roleid <= zgame_damai_ods.gameserver_fight_pve.roleid [direct]  ⟵ roleid
2026-06-09 12:12:10,320 metawiki.parse_etl.lineage INFO                 [d7] subquery:job.100028600_0:subquery_2_branch_1.roleid <= zgame_damai_ods.gameserver_login.roleid [direct]  ⟵ roleid
2026-06-09 12:12:10,320 metawiki.parse_etl.lineage INFO                 [d7] subquery:job.100028600_0:subquery_2_branch_2.roleid <= zgame_damai_ods.gameserver_logout.roleid [direct]  ⟵ roleid
2026-06-09 12:12:10,320 metawiki.parse_etl.lineage INFO                 [d7] subquery:job.100028600_0:subquery_2_branch_3.roleid <= zgame_damai_ods.gameserver_charge.roleid [direct]  ⟵ roleid
2026-06-09 12:12:10,320 metawiki.parse_etl.lineage INFO                 [d7] subquery:job.100028600_0:subquery_2_branch_4.roleid <= zgame_damai_ods.gameserver_fight_pve.roleid [direct]  ⟵ roleid
2026-06-09 12:12:10,910 metawiki.parse_etl.lineage INFO 追溯表 mt_ads_pre.ads_gamebi_roger_secondary_di 的上游表(共 70 张物理表):
2026-06-09 12:12:10,911 metawiki.parse_etl.lineage INFO     [d1] mt_ads_pre.ads_gamebi_roger_secondary_di <= bi_test.dwm_zgame_active_role_zone_di
2026-06-09 12:12:10,911 metawiki.parse_etl.lineage INFO     [d1] mt_ads_pre.ads_gamebi_roger_secondary_di <= mt_dm.dm_multi_decismart_core_df_test
2026-06-09 12:12:10,911 metawiki.parse_etl.lineage INFO     [d1] mt_ads_pre.ads_gamebi_roger_secondary_di <= mt_dm.dm_zgame_behavior_feature_role_zone_df
2026-06-09 12:12:10,911 metawiki.parse_etl.lineage INFO       [d2] mt_ads_pre.ads_gamebi_roger_secondary_di <= bi_test.dim_zgame_basic_account_df
2026-06-09 12:12:10,911 metawiki.parse_etl.lineage INFO       [d2] mt_ads_pre.ads_gamebi_roger_secondary_di <= bi_test.dim_zgame_basic_role_zone_df_tmp
2026-06-09 12:12:10,911 metawiki.parse_etl.lineage INFO       [d2] mt_ads_pre.ads_gamebi_roger_secondary_di <= bi_test.dwm_zgame_active_role_zone_df
2026-06-09 12:12:10,911 metawiki.parse_etl.lineage INFO       [d2] mt_ads_pre.ads_gamebi_roger_secondary_di <= mt_dim.dim_zgame_item_num_df
2026-06-09 12:12:10,911 metawiki.parse_etl.lineage INFO       [d2] mt_ads_pre.ads_gamebi_roger_secondary_di <= mt_dm.dm_uid_mapping_role_zone_df
2026-06-09 12:12:10,911 metawiki.parse_etl.lineage INFO       [d2] mt_ads_pre.ads_gamebi_roger_secondary_di <= mt_dm.dm_zgame_behavior_info_role_zone_df
2026-06-09 12:12:10,911 metawiki.parse_etl.lineage INFO       [d2] mt_ads_pre.ads_gamebi_roger_secondary_di <= mt_dwm.dwm_zgame_battle_pve_role_zone_df
2026-06-09 12:12:10,911 metawiki.parse_etl.lineage INFO       [d2] mt_ads_pre.ads_gamebi_roger_secondary_di <= mt_dwm.dwm_zgame_battle_pvp_role_zone_df
2026-06-09 12:12:10,911 metawiki.parse_etl.lineage INFO       [d2] mt_ads_pre.ads_gamebi_roger_secondary_di <= mt_dwm.dwm_zgame_lottery_info_role_zone_df
2026-06-09 12:12:10,911 metawiki.parse_etl.lineage INFO       [d2] mt_ads_pre.ads_gamebi_roger_secondary_di <= mt_dwm.dwm_zgame_lottery_info_role_zone_di
2026-06-09 12:12:10,911 metawiki.parse_etl.lineage INFO       [d2] mt_ads_pre.ads_gamebi_roger_secondary_di <= mt_dwm.dwm_zgame_pay_role_zone_df
2026-06-09 12:12:10,911 metawiki.parse_etl.lineage INFO       [d2] mt_ads_pre.ads_gamebi_roger_secondary_di <= mt_dwm.dwm_zgame_pay_role_zone_di
2026-06-09 12:12:10,911 metawiki.parse_etl.lineage INFO       [d2] mt_ads_pre.ads_gamebi_roger_secondary_di <= mt_dwm.dwm_zgame_pve_auto_role_zone_di
2026-06-09 12:12:10,911 metawiki.parse_etl.lineage INFO       [d2] mt_ads_pre.ads_gamebi_roger_secondary_di <= mt_dwm.dwm_zgame_resource_role_zone_df
2026-06-09 12:12:10,911 metawiki.parse_etl.lineage INFO       [d2] mt_ads_pre.ads_gamebi_roger_secondary_di <= mt_dwm.dwm_zgame_resource_role_zone_di
2026-06-09 12:12:10,911 metawiki.parse_etl.lineage INFO       [d2] mt_ads_pre.ads_gamebi_roger_secondary_di <= mt_dwm.dwm_zgame_union_role_zone_df
2026-06-09 12:12:10,911 metawiki.parse_etl.lineage INFO       [d2] mt_ads_pre.ads_gamebi_roger_secondary_di <= zgame_damai_ods.gameserver_charge
2026-06-09 12:12:10,911 metawiki.parse_etl.lineage INFO       [d2] mt_ads_pre.ads_gamebi_roger_secondary_di <= zgame_damai_ods.gameserver_fight_pve
2026-06-09 12:12:10,911 metawiki.parse_etl.lineage INFO       [d2] mt_ads_pre.ads_gamebi_roger_secondary_di <= zgame_damai_ods.gameserver_login
2026-06-09 12:12:10,911 metawiki.parse_etl.lineage INFO       [d2] mt_ads_pre.ads_gamebi_roger_secondary_di <= zgame_damai_ods.gameserver_logout
2026-06-09 12:12:10,911 metawiki.parse_etl.lineage INFO         [d3] mt_ads_pre.ads_gamebi_roger_secondary_di <= mcgg_dim.dim_basic_role_zone_df
2026-06-09 12:12:10,911 metawiki.parse_etl.lineage INFO         [d3] mt_ads_pre.ads_gamebi_roger_secondary_di <= ml_ods.abtestserver_abtest_tag
2026-06-09 12:12:10,911 metawiki.parse_etl.lineage INFO         [d3] mt_ads_pre.ads_gamebi_roger_secondary_di <= ml_ods.mtabtestserver_mtabtest_tag
2026-06-09 12:12:10,911 metawiki.parse_etl.lineage INFO         [d3] mt_ads_pre.ads_gamebi_roger_secondary_di <= mt_dim.dim_basic_role_zone_df
2026-06-09 12:12:10,911 metawiki.parse_etl.lineage INFO         [d3] mt_ads_pre.ads_gamebi_roger_secondary_di <= mt_dim.dim_mla_basic_role_zone_df
2026-06-09 12:12:10,911 metawiki.parse_etl.lineage INFO         [d3] mt_ads_pre.ads_gamebi_roger_secondary_di <= mt_dwd.dwd_zgame_account_attribution_df
2026-06-09 12:12:10,911 metawiki.parse_etl.lineage INFO         [d3] mt_ads_pre.ads_gamebi_roger_secondary_di <= mt_dwm.dwm_zgame_battle_pve_role_zone_di
2026-06-09 12:12:10,911 metawiki.parse_etl.lineage INFO         [d3] mt_ads_pre.ads_gamebi_roger_secondary_di <= mt_dwm.dwm_zgame_battle_pvp_role_zone_di
2026-06-09 12:12:10,911 metawiki.parse_etl.lineage INFO         [d3] mt_ads_pre.ads_gamebi_roger_secondary_di <= zgame_damai_ods.accountserver_account_bind
2026-06-09 12:12:10,911 metawiki.parse_etl.lineage INFO         [d3] mt_ads_pre.ads_gamebi_roger_secondary_di <= zgame_damai_ods.accountserver_account_create
2026-06-09 12:12:10,911 metawiki.parse_etl.lineage INFO         [d3] mt_ads_pre.ads_gamebi_roger_secondary_di <= zgame_damai_ods.gameserver_add_hero_awakening
2026-06-09 12:12:10,911 metawiki.parse_etl.lineage INFO         [d3] mt_ads_pre.ads_gamebi_roger_secondary_di <= zgame_damai_ods.gameserver_add_item
2026-06-09 12:12:10,911 metawiki.parse_etl.lineage INFO         [d3] mt_ads_pre.ads_gamebi_roger_secondary_di <= zgame_damai_ods.gameserver_add_level
2026-06-09 12:12:10,911 metawiki.parse_etl.lineage INFO         [d3] mt_ads_pre.ads_gamebi_roger_secondary_di <= zgame_damai_ods.gameserver_add_soldier
2026-06-09 12:12:10,911 metawiki.parse_etl.lineage INFO         [d3] mt_ads_pre.ads_gamebi_roger_secondary_di <= zgame_damai_ods.gameserver_change_name
2026-06-09 12:12:10,911 metawiki.parse_etl.lineage INFO         [d3] mt_ads_pre.ads_gamebi_roger_secondary_di <= zgame_damai_ods.gameserver_create_role
2026-06-09 12:12:10,911 metawiki.parse_etl.lineage INFO         [d3] mt_ads_pre.ads_gamebi_roger_secondary_di <= zgame_damai_ods.gameserver_finish_challenge_stage
2026-06-09 12:12:10,911 metawiki.parse_etl.lineage INFO         [d3] mt_ads_pre.ads_gamebi_roger_secondary_di <= zgame_damai_ods.gameserver_friend_invite_bind
2026-06-09 12:12:10,911 metawiki.parse_etl.lineage INFO         [d3] mt_ads_pre.ads_gamebi_roger_secondary_di <= zgame_damai_ods.gameserver_hero_add
2026-06-09 12:12:10,911 metawiki.parse_etl.lineage INFO         [d3] mt_ads_pre.ads_gamebi_roger_secondary_di <= zgame_damai_ods.gameserver_lottery
2026-06-09 12:12:10,911 metawiki.parse_etl.lineage INFO         [d3] mt_ads_pre.ads_gamebi_roger_secondary_di <= zgame_damai_ods.gameserver_soldier_up_level
2026-06-09 12:12:10,911 metawiki.parse_etl.lineage INFO         [d3] mt_ads_pre.ads_gamebi_roger_secondary_di <= zgame_damai_ods.gameserver_sub_item
2026-06-09 12:12:10,911 metawiki.parse_etl.lineage INFO         [d3] mt_ads_pre.ads_gamebi_roger_secondary_di <= zgame_damai_ods.loginserver_login_auth
2026-06-09 12:12:10,911 metawiki.parse_etl.lineage INFO         [d3] mt_ads_pre.ads_gamebi_roger_secondary_di <= zgame_damai_ods.reportserver_fight
2026-06-09 12:12:10,911 metawiki.parse_etl.lineage INFO         [d3] mt_ads_pre.ads_gamebi_roger_secondary_di <= zgame_damai_ods.reportserver_hardware
2026-06-09 12:12:10,911 metawiki.parse_etl.lineage INFO         [d3] mt_ads_pre.ads_gamebi_roger_secondary_di <= zgame_damai_ods.t_client_performance_systeminfo
2026-06-09 12:12:10,912 metawiki.parse_etl.lineage INFO         [d3] mt_ads_pre.ads_gamebi_roger_secondary_di <= zgame_damai_ods.unionserver_gvg_match_settle
2026-06-09 12:12:10,912 metawiki.parse_etl.lineage INFO         [d3] mt_ads_pre.ads_gamebi_roger_secondary_di <= zgame_damai_ods.unionserver_union_join
2026-06-09 12:12:10,912 metawiki.parse_etl.lineage INFO         [d3] mt_ads_pre.ads_gamebi_roger_secondary_di <= zgame_damai_ods.unionserver_union_quit
2026-06-09 12:12:10,912 metawiki.parse_etl.lineage INFO         [d3] mt_ads_pre.ads_gamebi_roger_secondary_di <= zgame_damai_ods.unionserver_union_recal
2026-06-09 12:12:10,912 metawiki.parse_etl.lineage INFO           [d4] mt_ads_pre.ads_gamebi_roger_secondary_di <= bi_test.dim_role_df_hdfs
2026-06-09 12:12:10,912 metawiki.parse_etl.lineage INFO           [d4] mt_ads_pre.ads_gamebi_roger_secondary_di <= mcgg_ods.accountserver_account_bind
2026-06-09 12:12:10,912 metawiki.parse_etl.lineage INFO           [d4] mt_ads_pre.ads_gamebi_roger_secondary_di <= mcgg_ods.accountserver_account_rebind
2026-06-09 12:12:10,912 metawiki.parse_etl.lineage INFO           [d4] mt_ads_pre.ads_gamebi_roger_secondary_di <= mcgg_ods.connserver_client_appinstall
2026-06-09 12:12:10,912 metawiki.parse_etl.lineage INFO           [d4] mt_ads_pre.ads_gamebi_roger_secondary_di <= mcgg_ods.gameserver_charge
2026-06-09 12:12:10,912 metawiki.parse_etl.lineage INFO           [d4] mt_ads_pre.ads_gamebi_roger_secondary_di <= mcgg_ods.gameserver_create_role
2026-06-09 12:12:10,912 metawiki.parse_etl.lineage INFO           [d4] mt_ads_pre.ads_gamebi_roger_secondary_di <= mcgg_ods.gameserver_login
2026-06-09 12:12:10,912 metawiki.parse_etl.lineage INFO           [d4] mt_ads_pre.ads_gamebi_roger_secondary_di <= mcgg_ods.gameserver_logout
2026-06-09 12:12:10,912 metawiki.parse_etl.lineage INFO           [d4] mt_ads_pre.ads_gamebi_roger_secondary_di <= ml_ods.battleserver_battle_end
2026-06-09 12:12:10,912 metawiki.parse_etl.lineage INFO           [d4] mt_ads_pre.ads_gamebi_roger_secondary_di <= msdk_dim.dim_account_df
2026-06-09 12:12:10,912 metawiki.parse_etl.lineage INFO           [d4] mt_ads_pre.ads_gamebi_roger_secondary_di <= msdk_ods.msdk_event
2026-06-09 12:12:10,912 metawiki.parse_etl.lineage INFO           [d4] mt_ads_pre.ads_gamebi_roger_secondary_di <= mt_dim.dim_attr_account_df
2026-06-09 12:12:10,912 metawiki.parse_etl.lineage INFO           [d4] mt_ads_pre.ads_gamebi_roger_secondary_di <= mt_dwd.dwd_zgame_account_attribution_di
2026-06-09 12:12:10,912 metawiki.parse_etl.lineage INFO           [d4] mt_ads_pre.ads_gamebi_roger_secondary_di <= mt_dwm.dwm_active_role_zone_di
2026-06-09 12:12:10,912 metawiki.parse_etl.lineage INFO           [d4] mt_ads_pre.ads_gamebi_roger_secondary_di <= zgame_damai_ods.crossserver_basic_pvp_fight
2026-06-09 12:12:10,912 metawiki.parse_etl.lineage INFO           [d4] mt_ads_pre.ads_gamebi_roger_secondary_di <= zgame_damai_ods.gameserver_boss_rush_update
2026-06-09 12:12:10,912 metawiki.parse_etl.lineage INFO           [d4] mt_ads_pre.ads_gamebi_roger_secondary_di <= zgame_damai_ods.gameserver_union_week_boss_confirm_fight
2026-06-09 12:12:41,902 metawiki.parse_etl.lineage INFO 追溯 mt_ads_pre.ads_gamebi_roger_secondary_di.indicator_map 的计算来源(上游)(共 8 跳边):
2026-06-09 12:12:41,902 metawiki.parse_etl.lineage INFO   [d0] mt_ads_pre.ads_gamebi_roger_secondary_di.indicator_map <= mt_dm.dm_multi_decismart_core_df_test.actual_pay_amt [aggregated]  ⟵ SUM(actual_pay_amt) AS actual_pay_amt /* 活跃天数 */
2026-06-09 12:12:41,902 metawiki.parse_etl.lineage INFO   [d0] mt_ads_pre.ads_gamebi_roger_secondary_di.indicator_map <= mt_dm.dm_multi_decismart_core_df_test.pay_amt [aggregated]  ⟵ SUM(pay_amt) AS pay_amt
2026-06-09 12:12:41,902 metawiki.parse_etl.lineage INFO   [d0] mt_ads_pre.ads_gamebi_roger_secondary_di.indicator_map <= bi_test.dwm_zgame_active_role_zone_di.logymd [aggregated]  ⟵ COUNT(DISTINCT logymd) AS active_days
2026-06-09 12:12:41,902 metawiki.parse_etl.lineage INFO   [d0] mt_ads_pre.ads_gamebi_roger_secondary_di.indicator_map <= bi_test.dwm_zgame_active_role_zone_di.roleid [direct]  ⟵ roleid
2026-06-09 12:12:41,902 metawiki.parse_etl.lineage INFO     [d1] bi_test.dwm_zgame_active_role_zone_di.roleid <= zgame_damai_ods.gameserver_login.roleid [direct]  ⟵ roleid
2026-06-09 12:12:41,902 metawiki.parse_etl.lineage INFO     [d1] bi_test.dwm_zgame_active_role_zone_di.roleid <= zgame_damai_ods.gameserver_logout.roleid [direct]  ⟵ roleid
2026-06-09 12:12:41,902 metawiki.parse_etl.lineage INFO     [d1] bi_test.dwm_zgame_active_role_zone_di.roleid <= zgame_damai_ods.gameserver_charge.roleid [direct]  ⟵ roleid
2026-06-09 12:12:41,902 metawiki.parse_etl.lineage INFO     [d1] bi_test.dwm_zgame_active_role_zone_di.roleid <= zgame_damai_ods.gameserver_fight_pve.roleid [direct]  ⟵ roleid
2026-06-09 16:51:08,930 metawiki.parse_etl.lineage INFO 追溯 mt_ads_pre.ads_gamebi_roger_secondary_di.indicator_map 的计算来源(上游)(共 8 跳边):
2026-06-09 16:51:08,930 metawiki.parse_etl.lineage INFO   [d0] mt_ads_pre.ads_gamebi_roger_secondary_di.indicator_map <= mt_dm.dm_multi_decismart_core_df_test.actual_pay_amt [aggregated]  ⟵ SUM(actual_pay_amt) AS actual_pay_amt /* 活跃天数 */
2026-06-09 16:51:08,930 metawiki.parse_etl.lineage INFO   [d0] mt_ads_pre.ads_gamebi_roger_secondary_di.indicator_map <= mt_dm.dm_multi_decismart_core_df_test.pay_amt [aggregated]  ⟵ SUM(pay_amt) AS pay_amt
2026-06-09 16:51:08,930 metawiki.parse_etl.lineage INFO   [d0] mt_ads_pre.ads_gamebi_roger_secondary_di.indicator_map <= bi_test.dwm_zgame_active_role_zone_di.logymd [aggregated]  ⟵ COUNT(DISTINCT logymd) AS active_days
2026-06-09 16:51:08,930 metawiki.parse_etl.lineage INFO   [d0] mt_ads_pre.ads_gamebi_roger_secondary_di.indicator_map <= bi_test.dwm_zgame_active_role_zone_di.roleid [direct]  ⟵ roleid
2026-06-09 16:51:08,930 metawiki.parse_etl.lineage INFO     [d1] bi_test.dwm_zgame_active_role_zone_di.roleid <= zgame_damai_ods.gameserver_login.roleid [direct]  ⟵ roleid
2026-06-09 16:51:08,930 metawiki.parse_etl.lineage INFO     [d1] bi_test.dwm_zgame_active_role_zone_di.roleid <= zgame_damai_ods.gameserver_logout.roleid [direct]  ⟵ roleid
2026-06-09 16:51:08,930 metawiki.parse_etl.lineage INFO     [d1] bi_test.dwm_zgame_active_role_zone_di.roleid <= zgame_damai_ods.gameserver_charge.roleid [direct]  ⟵ roleid
2026-06-09 16:51:08,930 metawiki.parse_etl.lineage INFO     [d1] bi_test.dwm_zgame_active_role_zone_di.roleid <= zgame_damai_ods.gameserver_fight_pve.roleid [direct]  ⟵ roleid
2026-06-09 17:18:48,009 metawiki.parse_etl.lineage INFO 字段 ml_temp.temp_active_retain_30activedays.amount  (job=job.100020000_0)
2026-06-09 17:18:48,009 metawiki.parse_etl.lineage INFO 递归血缘 3 跳:
2026-06-09 17:18:48,009 metawiki.parse_etl.lineage INFO   [d1] ml_temp.temp_active_retain_30activedays.amount <= a.charge_amt_total [aggregated]
2026-06-09 17:18:48,009 metawiki.parse_etl.lineage INFO   [d2] a.charge_amt_total <= a.charge_amt_total [direct]
2026-06-09 17:18:48,009 metawiki.parse_etl.lineage INFO   [d3] a.charge_amt_total <= mt_dm.dm_active_pay_role_zone_di.charge_amt_total [direct]
2026-06-09 17:18:48,009 metawiki.parse_etl.lineage INFO 整条链路 SQL:
WITH
a AS (
    SELECT
        active_date_diff,
        charge_amt_total,
        is_active,
        logymd,
        roleid,
        CASE WHEN register_date_diff < 0 THEN '无信息' WHEN register_date_diff = 0 THEN '0' WHEN register_date_diff <= 6 THEN '[1,6]' WHEN register_date_diff <= 29 THEN '[7,29]' WHEN register_date_diff <= 89 THEN '[30,89]' WHEN register_date_diff <= 179 THEN '[90,179]' WHEN register_date_diff <= 359 THEN '[180,359]' WHEN register_date_diff <= 719 THEN '[360,719]' WHEN register_date_diff >= 720 THEN '[720,)' ELSE '无信息' END AS user_period,
        zoneid
    FROM mt_dm.dm_active_pay_role_zone_di AS dm_active_pay_role_zone_di
    WHERE active_date = '2026-05-30' AND logymd IN ('2026-05-30', '2026-05-29', '2026-05-28', '2026-05-24', '2026-05-17', '2026-05-01', '2026-03-02') AND active_date_diff IN (0, 1, 2, 6, 13, 29, 89)
),
b AS (
    SELECT
        MAX(LEVEL) AS day_max_level,
        logymd,
        roleid,
        zoneid
    FROM mt_dwm.dwm_active_role_zone_di AS dwm_active_role_zone_di
    WHERE zoneid < 57000 AND is_ai = 0 AND logymd IN ('2026-05-30', '2026-05-29', '2026-05-28', '2026-05-24', '2026-05-17', '2026-05-01', '2026-03-02') AND appid = 'mlbb'
    GROUP BY roleid, zoneid, logymd
),
c AS (
    SELECT
        create_os,
        LOWER(first_mt_country) AS first_mt_country,
        first_network_name,
        CASE WHEN new_type = 1 THEN '小号回流新增' WHEN new_type = 2 THEN '模拟器新增' WHEN new_type = 3 THEN '纯净新增' WHEN new_type = 4 THEN '切换设备换绑' WHEN new_type = 5 THEN '小号新增' ELSE '无信息' END AS new_type,
        roleid,
        zoneid
    FROM mt_dim.dim_basic_role_zone_df AS dim_basic_role_zone_df
    WHERE logymd = IF('2026-05-30' < '2023-01-01', '2023-01-01', '2026-05-30') AND appid = 'mlbb' AND zoneid < 57000 AND is_ai = 0
    GROUP BY roleid, zoneid, LOWER(first_mt_country), create_os, first_network_name, CASE WHEN new_type = 1 THEN '小号回流新增' WHEN new_type = 2 THEN '模拟器新增' WHEN new_type = 3 THEN '纯净新增' WHEN new_type = 4 THEN '切换设备换绑' WHEN new_type = 5 THEN '小号新增' ELSE '无信息' END
),
d AS (
    SELECT
        country,
        lower
    FROM mt_dim.dim_national_geographic_atlas_config AS dim_national_geographic_atlas_config
),
e AS (
    SELECT
        his_activedays AS his_activedays_before_1,
        logymd,
        roleid,
        zoneid
    FROM mt_dwm.dwm_active_role_zone_df AS dwm_active_role_zone_df
    WHERE logymd IN ('2026-05-29', '2026-05-28', '2026-05-27', '2026-05-23', '2026-05-16', '2026-04-30', '2026-03-01') AND appid = 'mlbb' AND zoneid < 57000
    GROUP BY logymd, roleid, zoneid, his_activedays
),
f AS (
    SELECT
        his_activedays AS his_activedays_before_31,
        logymd,
        roleid,
        zoneid
    FROM mt_dwm.dwm_active_role_zone_df AS dwm_active_role_zone_df
    WHERE logymd IN ('2026-04-29', '2026-04-28', '2026-04-27', '2026-04-23', '2026-04-16', '2026-03-31', '2026-01-30') AND appid = 'mlbb' AND zoneid < 57000
    GROUP BY logymd, roleid, zoneid, his_activedays
),
a AS (
    SELECT
        a.active_date_diff,
        (COALESCE(e.his_activedays_before_1, 0) - COALESCE(f.his_activedays_before_31, 0)) AS active_days,
        a.charge_amt_total,
        d.country,
        c.create_os,
        b.day_max_level,
        c.first_network_name,
        a.is_active,
        a.logymd,
        c.new_type,
        a.roleid,
        a.user_period,
        a.zoneid
    FROM a
    LEFT JOIN b
        ON a.roleid = b.roleid AND a.zoneid = b.zoneid AND a.logymd = b.logymd
    LEFT JOIN c
        ON a.roleid = c.roleid AND a.zoneid = c.zoneid
    LEFT JOIN d
        ON c.first_mt_country = d.lower
    LEFT JOIN e
        ON a.roleid = e.roleid AND a.zoneid = e.zoneid AND a.logymd = DATE_ADD(e.logymd, 1) /* -------------匹配业务日期前1天历史累计活跃天数 */
    LEFT JOIN f
        ON a.roleid = f.roleid AND a.zoneid = f.zoneid AND a.logymd = DATE_ADD(f.logymd, 31) /* -------------匹配业务日期前31天历史累计活跃天数 */
    GROUP BY a.logymd, a.roleid, a.zoneid, b.day_max_level, d.country, c.new_type, a.is_active, a.charge_amt_total, a.user_period, a.active_date_diff, c.create_os, c.first_network_name, (COALESCE(e.his_activedays_before_1, 0) - COALESCE(f.his_activedays_before_31, 0))
),
temp_active_retain_30activedays AS (
    SELECT
        active_date_diff,
        CASE WHEN active_days = 0 THEN '0' WHEN active_days BETWEEN 1 AND 2 THEN '[1,2]' WHEN active_days BETWEEN 3 AND 8 THEN '[3,8]' WHEN active_days BETWEEN 9 AND 17 THEN '[9,17]' WHEN active_days BETWEEN 18 AND 25 THEN '[18,25]' WHEN active_days BETWEEN 26 AND 30 THEN '[26,30]' ELSE '无信息' END AS active_days /* 前30天活跃天数分层 */,
        SUM(charge_amt_total) AS amount /* [logymd,logymd + active_date_diff]，区间内总付费（美分） */,
        CASE WHEN country IS NULL THEN '无信息' ELSE country END AS country,
        create_os,
        CASE WHEN day_max_level BETWEEN 1 AND 10 THEN '[1,10]' WHEN day_max_level BETWEEN 11 AND 20 THEN '[11,20]' WHEN day_max_level BETWEEN 21 AND 30 THEN '[21,30]' WHEN day_max_level BETWEEN 31 AND 40 THEN '[31,40]' WHEN day_max_level BETWEEN 41 AND 50 THEN '[41,50]' WHEN day_max_level BETWEEN 51 AND 60 THEN '[51,60]' WHEN day_max_level BETWEEN 61 AND 70 THEN '[61,70]' WHEN day_max_level BETWEEN 71 AND 80 THEN '[71,80]' WHEN day_max_level BETWEEN 81 AND 90 THEN '[81,90]' WHEN day_max_level BETWEEN 91 AND 100 THEN '[91,100]' WHEN day_max_level >= 101 THEN '[101,)' ELSE '无信息' END AS day_max_level,
        first_network_name,
        is_active,
        logymd /* 活跃日期 */,
        new_type,
        user_period,
        COUNT(DISTINCT roleid, zoneid) AS usercnt /* 角色数 */
    FROM a
    GROUP BY logymd /* 活跃日期 */, active_date_diff, is_active, CASE WHEN day_max_level BETWEEN 1 AND 10 THEN '[1,10]' WHEN day_max_level BETWEEN 11 AND 20 THEN '[11,20]' WHEN day_max_level BETWEEN 21 AND 30 THEN '[21,30]' WHEN day_max_level BETWEEN 31 AND 40 THEN '[31,40]' WHEN day_max_level BETWEEN 41 AND 50 THEN '[41,50]' WHEN day_max_level BETWEEN 51 AND 60 THEN '[51,60]' WHEN day_max_level BETWEEN 61 AND 70 THEN '[61,70]' WHEN day_max_level BETWEEN 71 AND 80 THEN '[71,80]' WHEN day_max_level BETWEEN 81 AND 90 THEN '[81,90]' WHEN day_max_level BETWEEN 91 AND 100 THEN '[91,100]' WHEN day_max_level >= 101 THEN '[101,)' ELSE '无信息' END, CASE WHEN country IS NULL THEN '无信息' ELSE country END, new_type, user_period, create_os, first_network_name, CASE WHEN active_days = 0 THEN '0' WHEN active_days BETWEEN 1 AND 2 THEN '[1,2]' WHEN active_days BETWEEN 3 AND 8 THEN '[3,8]' WHEN active_days BETWEEN 9 AND 17 THEN '[9,17]' WHEN active_days BETWEEN 18 AND 25 THEN '[18,25]' WHEN active_days BETWEEN 26 AND 30 THEN '[26,30]' ELSE '无信息' END
)
SELECT
    temp_active_retain_30activedays.amount
FROM temp_active_retain_30activedays;
2026-07-01 17:48:57,339 metawiki.parse_etl.lineage INFO 字段 mt_ads.ads_gamebi_roger_primary_di.active_cnt  (job=job.100050909_0)
2026-07-01 17:48:57,340 metawiki.parse_etl.lineage INFO 递归血缘 0 跳:
2026-07-01 17:48:57,340 metawiki.parse_etl.lineage INFO 整条链路 SQL:
WITH
ads_gamebi_roger_primary_di AS (
    SELECT
        active_cnt
    FROM t_dim
)
SELECT
    ads_gamebi_roger_primary_di.active_cnt
FROM ads_gamebi_roger_primary_di;
2026-07-01 18:29:40,070 metawiki.parse_etl.lineage INFO 字段 mt_ads.ads_gamebi_roger_primary_di.active_cnt: 无递归血缘(未落库 / 名称不符)
2026-07-01 18:30:27,491 metawiki.parse_etl.lineage INFO 字段 mt_ads.ads_gamebi_roger_primary_di.active_cnt: 无递归血缘(未落库 / 名称不符)
2026-07-02 14:44:29,237 metawiki.parse_etl.lineage INFO 字段 mt_ads.ads_gamebi_roger_primary_di.active_cnt  (job=job.100052824_0)
2026-07-02 14:44:29,237 metawiki.parse_etl.lineage INFO 递归血缘 7 跳:
2026-07-02 14:44:29,237 metawiki.parse_etl.lineage INFO   [d1] mt_ads.ads_gamebi_roger_primary_di.active_cnt <= t3.active_cnt [derived]
2026-07-02 14:44:29,237 metawiki.parse_etl.lineage INFO   [d2] t3.active_cnt <= indicator_role.tag [aggregated]
2026-07-02 14:44:29,237 metawiki.parse_etl.lineage INFO   [d3] indicator_role.tag <= t.tag [direct]
2026-07-02 14:44:29,237 metawiki.parse_etl.lineage INFO   [d4] t.tag <= t_branch_1.tag [derived]
2026-07-02 14:44:29,237 metawiki.parse_etl.lineage INFO   [d4] t.tag <= t_branch_2.tag [derived]
2026-07-02 14:44:29,237 metawiki.parse_etl.lineage INFO   [d4] t.tag <= t_branch_3.tag [derived]
2026-07-02 14:44:29,237 metawiki.parse_etl.lineage INFO   [d4] t.tag <= t_branch_4.tag [derived]
2026-07-02 14:44:29,237 metawiki.parse_etl.lineage INFO 整条链路 SQL:
WITH
t_create AS (
    SELECT
        CASE WHEN LOWER(createrole_channel) = 'and_gb' THEN 'and_gb' WHEN LOWER(createrole_channel) = 'ios_gb' THEN 'ios_gb' ELSE 'unknown' END AS channel,
        IF(createrole_country IS NULL OR TRIM(createrole_country) IN ('-', ''), 'unknown', LOWER(createrole_country)) AS country
    FROM w5_ods.create_role AS create_role
    WHERE logymd <= '2026-05-31' AND logymd >= '2026-04-22' AND zoneid > 10000
),
t AS (
    SELECT
        CASE WHEN LOWER(createrole_channel) = 'and_gb' THEN 'and_gb' WHEN LOWER(createrole_channel) = 'ios_gb' THEN 'ios_gb' ELSE 'unknown' END AS channel,
        IF(createrole_country IS NULL OR TRIM(createrole_country) IN ('-', ''), 'unknown', LOWER(createrole_country)) AS country
    FROM w5_ods.login AS login
    WHERE logymd = '2026-05-31' AND logymd >= '2026-04-22' AND zoneid > 10000
),
t_login AS (
    SELECT
        channel,
        country
    FROM t
    WHERE rn = 1
),
t_logout AS (
    SELECT
        t_login.channel,
        t_login.country
    FROM t_login
),
subquery_11 AS (
    SELECT
        CASE WHEN LOWER(createrole_channel) = 'and_gb' THEN 'and_gb' WHEN LOWER(createrole_channel) = 'ios_gb' THEN 'ios_gb' ELSE 'unknown' END AS channel,
        IF(createrole_country IS NULL OR TRIM(createrole_country) IN ('-', ''), 'unknown', LOWER(createrole_country)) AS country,
        roleid,
        TIME AS server_time
    FROM w5_ods.charge AS charge
    WHERE logymd = '2026-05-31' AND logymd >= '2026-04-22' AND zoneid > 10000
),
subquery_10 AS (
    SELECT
        FIRST_VALUE(channel) OVER (PARTITION BY roleid ORDER BY server_time ASC) AS channel,
        FIRST_VALUE(country) OVER (PARTITION BY roleid ORDER BY server_time ASC) AS country,
        roleid
    FROM subquery_11
),
t_charge AS (
    SELECT
        channel,
        country,
        roleid
    FROM subquery_10
    GROUP BY roleid, country, channel
),
t AS (
    SELECT
        channel,
        country
    FROM t_create
),
t_branch_1 AS (
    SELECT
        channel,
        country,
        'create' AS tag
    FROM t
    WHERE rn = 1
),
t_branch_2 AS (
    SELECT
        channel,
        country,
        'login' AS tag
    FROM t_login
),
t_branch_3 AS (
    SELECT
        channel,
        country,
        'logout' AS tag
    FROM t_logout
),
t_branch_4 AS (
    SELECT
        channel,
        country,
        roleid,
        'charge' AS tag
    FROM t_charge
),
t AS (
    SELECT
        UNION_BRANCH_COLUMN[3],
        UNION_BRANCH_COLUMN[4],
        UNION_BRANCH_COLUMN[2]
    FROM t_branch_1
),
indicator_role AS (
    SELECT
        channel,
        COALESCE(country, 'unknown') AS country,
        tag
    FROM t
),
t3 AS (
    SELECT
        SUM(CASE WHEN tag = 'login' THEN 1 ELSE 0 END) AS active_cnt /* DAU */,
        COALESCE(channel, 'unknown') AS channel,
        COALESCE(country, 'unknown') AS country,
        SUM(CASE WHEN tag = 'create' THEN 1 ELSE 0 END) AS register_cnt_total /* 累计注册用户数 */
    FROM indicator_role
    GROUP BY COALESCE(country, 'unknown'), COALESCE(channel, 'unknown')
),
ads_gamebi_roger_primary_di AS (
    SELECT
        COALESCE(t3.active_cnt, 0) AS active_cnt,
        COALESCE(t3.active_cnt, 0) AS active_cnt_period,
        COALESCE(t3.channel, 'unknown') AS channel,
        COALESCE(t3.register_cnt_total, 0) AS register_cnt_total
    FROM t_dim
    LEFT JOIN t3
        ON t0.country = t3.country
)
SELECT
    ads_gamebi_roger_primary_di.active_cnt
FROM ads_gamebi_roger_primary_di;
2026-07-02 14:51:18,938 metawiki.parse_etl.lineage INFO 字段 mt_ads.ads_gamebi_roger_primary_di.active_cnt  (job=job.100052824_0)
2026-07-02 14:51:18,939 metawiki.parse_etl.lineage INFO 递归血缘 7 跳:
2026-07-02 14:51:18,939 metawiki.parse_etl.lineage INFO   [d1] mt_ads.ads_gamebi_roger_primary_di.active_cnt <= t3.active_cnt [derived]
2026-07-02 14:51:18,939 metawiki.parse_etl.lineage INFO   [d2] t3.active_cnt <= indicator_role.tag [aggregated]
2026-07-02 14:51:18,939 metawiki.parse_etl.lineage INFO   [d3] indicator_role.tag <= t.tag [direct]
2026-07-02 14:51:18,939 metawiki.parse_etl.lineage INFO   [d4] t.tag <= t_branch_1.tag [derived]
2026-07-02 14:51:18,939 metawiki.parse_etl.lineage INFO   [d4] t.tag <= t_branch_2.tag [derived]
2026-07-02 14:51:18,939 metawiki.parse_etl.lineage INFO   [d4] t.tag <= t_branch_3.tag [derived]
2026-07-02 14:51:18,939 metawiki.parse_etl.lineage INFO   [d4] t.tag <= t_branch_4.tag [derived]
2026-07-02 14:51:18,939 metawiki.parse_etl.lineage INFO 整条链路 SQL:
WITH
t_create AS (
    SELECT
        CASE WHEN LOWER(createrole_channel) = 'and_gb' THEN 'and_gb' WHEN LOWER(createrole_channel) = 'ios_gb' THEN 'ios_gb' ELSE 'unknown' END AS channel,
        IF(createrole_country IS NULL OR TRIM(createrole_country) IN ('-', ''), 'unknown', LOWER(createrole_country)) AS country
    FROM w5_ods.create_role AS create_role
    WHERE logymd <= '2026-05-31' AND logymd >= '2026-04-22' AND zoneid > 10000
),
t AS (
    SELECT
        CASE WHEN LOWER(createrole_channel) = 'and_gb' THEN 'and_gb' WHEN LOWER(createrole_channel) = 'ios_gb' THEN 'ios_gb' ELSE 'unknown' END AS channel,
        IF(createrole_country IS NULL OR TRIM(createrole_country) IN ('-', ''), 'unknown', LOWER(createrole_country)) AS country
    FROM w5_ods.login AS login
    WHERE logymd = '2026-05-31' AND logymd >= '2026-04-22' AND zoneid > 10000
),
t_login AS (
    SELECT
        channel,
        country
    FROM t
    WHERE rn = 1
),
t_logout AS (
    SELECT
        t_login.channel,
        t_login.country
    FROM t_login
),
subquery_11 AS (
    SELECT
        CASE WHEN LOWER(createrole_channel) = 'and_gb' THEN 'and_gb' WHEN LOWER(createrole_channel) = 'ios_gb' THEN 'ios_gb' ELSE 'unknown' END AS channel,
        IF(createrole_country IS NULL OR TRIM(createrole_country) IN ('-', ''), 'unknown', LOWER(createrole_country)) AS country,
        roleid,
        TIME AS server_time
    FROM w5_ods.charge AS charge
    WHERE logymd = '2026-05-31' AND logymd >= '2026-04-22' AND zoneid > 10000
),
subquery_10 AS (
    SELECT
        FIRST_VALUE(channel) OVER (PARTITION BY roleid ORDER BY server_time ASC) AS channel,
        FIRST_VALUE(country) OVER (PARTITION BY roleid ORDER BY server_time ASC) AS country,
        roleid
    FROM subquery_11
),
t_charge AS (
    SELECT
        channel,
        country,
        roleid
    FROM subquery_10
    GROUP BY roleid, country, channel
),
t AS (
    SELECT
        channel,
        country
    FROM t_create
),
t_branch_1 AS (
    SELECT
        channel,
        country,
        'create' AS tag
    FROM t
    WHERE rn = 1
),
t_branch_2 AS (
    SELECT
        channel,
        country,
        'login' AS tag
    FROM t_login
),
t_branch_3 AS (
    SELECT
        channel,
        country,
        'logout' AS tag
    FROM t_logout
),
t_branch_4 AS (
    SELECT
        channel,
        country,
        roleid,
        'charge' AS tag
    FROM t_charge
),
t AS (
    SELECT
        UNION_BRANCH_COLUMN[3],
        UNION_BRANCH_COLUMN[4],
        UNION_BRANCH_COLUMN[2]
    FROM t_branch_1
),
indicator_role AS (
    SELECT
        channel,
        COALESCE(country, 'unknown') AS country,
        tag
    FROM t
),
t3 AS (
    SELECT
        SUM(CASE WHEN tag = 'login' THEN 1 ELSE 0 END) AS active_cnt /* DAU */,
        COALESCE(channel, 'unknown') AS channel,
        COALESCE(country, 'unknown') AS country,
        SUM(CASE WHEN tag = 'create' THEN 1 ELSE 0 END) AS register_cnt_total /* 累计注册用户数 */
    FROM indicator_role
    GROUP BY COALESCE(country, 'unknown'), COALESCE(channel, 'unknown')
),
ads_gamebi_roger_primary_di AS (
    SELECT
        COALESCE(t3.active_cnt, 0) AS active_cnt,
        COALESCE(t3.active_cnt, 0) AS active_cnt_period,
        COALESCE(t3.channel, 'unknown') AS channel,
        COALESCE(t3.register_cnt_total, 0) AS register_cnt_total
    FROM t_dim
    LEFT JOIN t3
        ON t0.country = t3.country
)
SELECT
    ads_gamebi_roger_primary_di.active_cnt
FROM ads_gamebi_roger_primary_di;
2026-07-02 15:04:03,023 metawiki.parse_etl.lineage INFO 字段 mt_ads.ads_zgame_active_lottery_di.active_role_num  (job=job.100012073_0)
2026-07-02 15:04:03,024 metawiki.parse_etl.lineage INFO 递归血缘 4 跳:
2026-07-02 15:04:03,024 metawiki.parse_etl.lineage INFO   [d1] mt_ads.ads_zgame_active_lottery_di.active_role_num <= active_info.roleid [aggregated]
2026-07-02 15:04:03,024 metawiki.parse_etl.lineage INFO   [d1] mt_ads.ads_zgame_active_lottery_di.active_role_num <= active_info.zoneid [aggregated]
2026-07-02 15:04:03,024 metawiki.parse_etl.lineage INFO   [d2] active_info.roleid <= zgame_damai_ods.gameserver_login.roleid [direct]
2026-07-02 15:04:03,024 metawiki.parse_etl.lineage INFO   [d2] active_info.zoneid <= zgame_damai_ods.gameserver_login.zoneid [direct]
2026-07-02 15:04:03,024 metawiki.parse_etl.lineage INFO 整条链路 SQL:
WITH
a_branch_1 AS (
    SELECT
        logymd,
        roleid,
        usercreateymd,
        zoneid
    FROM zgame_damai_ods.gameserver_login AS gameserver_login
    WHERE logymd = '2026-05-31' AND zoneid >= 50001
),
a_branch_2 AS (
    SELECT
        logymd,
        usercreateymd
    FROM zgame_damai_ods.gameserver_charge AS gameserver_charge
    WHERE logymd = '2026-05-31' AND zoneid >= 50001
),
a AS (
    SELECT
        UNION_BRANCH_COLUMN[3],
        UNION_BRANCH_COLUMN[4]
    FROM a_branch_1
),
role_info AS (
    SELECT
        CASE WHEN DATEDIFF(logymd, usercreateymd) + 1 = 1 THEN '0_当天新增' WHEN DATEDIFF(logymd, usercreateymd) + 1 BETWEEN 2 AND 3 THEN '1_2-3天用户' WHEN DATEDIFF(logymd, usercreateymd) + 1 BETWEEN 4 AND 7 THEN '2_4-7天用户' WHEN DATEDIFF(logymd, usercreateymd) + 1 BETWEEN 8 AND 14 THEN '3_8-14天用户' WHEN DATEDIFF(logymd, usercreateymd) + 1 BETWEEN 15 AND 21 THEN '4_15-21天用户' WHEN DATEDIFF(logymd, usercreateymd) + 1 BETWEEN 22 AND 28 THEN '5_22-28天用户' WHEN DATEDIFF(logymd, usercreateymd) + 1 > 28 THEN '6_28天以上' END AS regday_label
    FROM a
    WHERE b.roleid IS NULL
),
active_info AS (
    SELECT
        roleid,
        zoneid
    FROM zgame_damai_ods.gameserver_login AS gameserver_login
    WHERE logymd = '2026-05-31' AND zoneid >= 50001
),
ads_zgame_active_lottery_di AS (
    SELECT
        COUNT(DISTINCT a.roleid, a.zoneid) AS active_role_num,
        regday_label
    FROM role_info
    LEFT JOIN active_info
        ON r.roleid = a.roleid AND r.zoneid = a.zoneid
    GROUP BY regday_label
)
SELECT
    ads_zgame_active_lottery_di.active_role_num
FROM ads_zgame_active_lottery_di;
2026-07-02 17:08:37,525 metawiki.parse_etl.lineage INFO 字段 mt_ads.ads_zgame_active_lottery_di.active_role_num  (job=job.100012073_0)
2026-07-02 17:08:37,526 metawiki.parse_etl.lineage INFO 递归血缘 4 跳:
2026-07-02 17:08:37,526 metawiki.parse_etl.lineage INFO   [d1] mt_ads.ads_zgame_active_lottery_di.active_role_num <= active_info.roleid [aggregated]
2026-07-02 17:08:37,526 metawiki.parse_etl.lineage INFO   [d1] mt_ads.ads_zgame_active_lottery_di.active_role_num <= active_info.zoneid [aggregated]
2026-07-02 17:08:37,526 metawiki.parse_etl.lineage INFO   [d2] active_info.roleid <= zgame_damai_ods.gameserver_login.roleid [direct]
2026-07-02 17:08:37,526 metawiki.parse_etl.lineage INFO   [d2] active_info.zoneid <= zgame_damai_ods.gameserver_login.zoneid [direct]
2026-07-02 17:08:37,526 metawiki.parse_etl.lineage INFO 整条链路 SQL:
WITH
a_branch_1 AS (
    SELECT
        logymd,
        roleid,
        usercreateymd,
        zoneid
    FROM zgame_damai_ods.gameserver_login AS gameserver_login
    WHERE logymd = '2026-05-31' AND zoneid >= 50001
),
a_branch_2 AS (
    SELECT
        logymd,
        roleid,
        usercreateymd,
        zoneid
    FROM zgame_damai_ods.gameserver_charge AS gameserver_charge
    WHERE logymd = '2026-05-31' AND zoneid >= 50001
),
a AS (
    SELECT
        logymd,
        roleid,
        usercreateymd,
        zoneid
    FROM a_branch_1
    UNION ALL
    SELECT
        logymd,
        roleid,
        usercreateymd,
        zoneid
    FROM a_branch_2
),
b AS (
    SELECT DISTINCT
        roleid,
        zoneid
    FROM mt_dim.dim_zgame_inner_account_info_df AS dim_zgame_inner_account_info_df
    WHERE logymd = '2026-05-31'
),
role_info AS (
    SELECT DISTINCT
        CASE WHEN DATEDIFF(logymd, usercreateymd) + 1 = 1 THEN '0_当天新增' WHEN DATEDIFF(logymd, usercreateymd) + 1 BETWEEN 2 AND 3 THEN '1_2-3天用户' WHEN DATEDIFF(logymd, usercreateymd) + 1 BETWEEN 4 AND 7 THEN '2_4-7天用户' WHEN DATEDIFF(logymd, usercreateymd) + 1 BETWEEN 8 AND 14 THEN '3_8-14天用户' WHEN DATEDIFF(logymd, usercreateymd) + 1 BETWEEN 15 AND 21 THEN '4_15-21天用户' WHEN DATEDIFF(logymd, usercreateymd) + 1 BETWEEN 22 AND 28 THEN '5_22-28天用户' WHEN DATEDIFF(logymd, usercreateymd) + 1 > 28 THEN '6_28天以上' END AS regday_label,
        a.roleid,
        a.zoneid
    FROM a
    LEFT JOIN b
        ON a.roleid = b.roleid AND a.zoneid = b.zoneid
    WHERE b.roleid IS NULL
),
active_info AS (
    SELECT DISTINCT
        roleid,
        zoneid
    FROM zgame_damai_ods.gameserver_login AS gameserver_login
    WHERE logymd = '2026-05-31' AND zoneid >= 50001
),
ads_zgame_active_lottery_di AS (
    SELECT
        COUNT(DISTINCT a.roleid, a.zoneid) AS active_role_num,
        regday_label
    FROM role_info AS r
    LEFT JOIN active_info AS a
        ON r.roleid = a.roleid AND r.zoneid = a.zoneid
    GROUP BY regday_label
)
SELECT
    ads_zgame_active_lottery_di.active_role_num
FROM ads_zgame_active_lottery_di;
2026-07-02 17:16:41,334 metawiki.parse_etl.lineage INFO 字段 mt_ads.ads_decismart_active_di.active_cnt  (job=job.100025289_0)
2026-07-02 17:16:41,334 metawiki.parse_etl.lineage INFO 递归血缘 0 跳:
2026-07-02 17:16:41,334 metawiki.parse_etl.lineage INFO 整条链路 SQL:
WITH
basic AS (
    SELECT
        first_mt_country AS country,
        first_network_name AS network,
        IF(LOWER(first_network_name) = 'organic', 1, 2) AS network_group,
        roleid
    FROM mt_dim.dim_basic_role_zone_df AS dim_basic_role_zone_df
    WHERE logymd = IF('2026-05-31' <= '2024-01-01', '2024-01-01', '2026-05-31') AND register_date <= '2026-05-31' AND appid = 'mlbb' AND is_ai = 0 AND is_first_create = 1
),
active_di AS (
    SELECT
        roleid
    FROM mt_dwm.dwm_active_role_zone_di AS dwm_active_role_zone_di
    WHERE logymd = '2026-05-31' AND appid = 'mlbb' AND /* AND     is_ai = 0 */ IF('2026-05-31' <= '2025-01-03', zoneid < 57000, zoneid > 0)
    GROUP BY roleid
),
attribute_account_df AS (
    SELECT
        accountid,
        age,
        CASE WHEN age BETWEEN 7 AND 9 THEN '1' WHEN age BETWEEN 10 AND 14 THEN '2' WHEN age BETWEEN 15 AND 19 THEN '3' WHEN age BETWEEN 20 AND 24 THEN '4' WHEN age BETWEEN 25 AND 29 THEN '5' WHEN age BETWEEN 30 AND 34 THEN '6' WHEN age >= 35 THEN '7' END AS age_group /* 年龄段 */
    FROM mt_dim.dim_basic_attribute_account_df AS dim_basic_attribute_account_df
    WHERE logymd = '2026-05-31' AND appid = 'mlbb' AND gt2 = 1
),
ads_decismart_active_di AS (
    SELECT
        COUNT(*) AS active_cnt,
        COALESCE(attr.age_group, -99999) AS age_group,
        COALESCE(bas.country, 'unknown') AS country,
        COALESCE(bas.network_group, -99999) AS network_group
    FROM active_di AS act
    JOIN basic AS bas
        ON act.roleid = bas.roleid
    LEFT JOIN attribute_account_df AS attr
        ON act.roleid = attr.accountid
    GROUP BY COALESCE(bas.country, 'unknown'), COALESCE(los.active_label, -99999) /* NVL(bas.os, 'unknown'), */ /* NVL(bas.network, 'unknown'), */, COALESCE(attr.age_group, -99999), COALESCE(bas.network_group, -99999)
)
SELECT
    ads_decismart_active_di.active_cnt
FROM ads_decismart_active_di;
2026-07-02 21:11:17,116 metawiki.parse_etl.lineage INFO 字段 mt_ads.ads_decismart_active_di.active_cnt 的递归血缘 307 跳:
2026-07-02 21:11:17,116 metawiki.parse_etl.lineage INFO   [d1] mt_ads.ads_decismart_active_di.active_cnt <= active_di.* [aggregated]
2026-07-02 21:11:17,116 metawiki.parse_etl.lineage INFO   [d1] mt_ads.ads_decismart_active_di.active_cnt <= attribute_account_df.* [aggregated]
2026-07-02 21:11:17,117 metawiki.parse_etl.lineage INFO   [d1] mt_ads.ads_decismart_active_di.active_cnt <= basic.* [aggregated]
2026-07-02 21:11:17,117 metawiki.parse_etl.lineage INFO   [d1] mt_ads.ads_decismart_active_di.active_cnt <= lose_active_di.* [aggregated]
2026-07-02 21:11:17,117 metawiki.parse_etl.lineage INFO   [d2] active_di.* <= mt_dwm.dwm_active_role_zone_di.* [derived]
2026-07-02 21:11:17,117 metawiki.parse_etl.lineage INFO   [d2] attribute_account_df.* <= mt_dim.dim_basic_attribute_account_df.* [derived]
2026-07-02 21:11:17,117 metawiki.parse_etl.lineage INFO   [d2] basic.* <= mt_dim.dim_basic_role_zone_df.* [derived]
2026-07-02 21:11:17,117 metawiki.parse_etl.lineage INFO   [d2] lose_active_di.* <= mt_dim.dim_gamebi_active_pay_di.* [derived]
2026-07-02 21:11:17,117 metawiki.parse_etl.lineage INFO   [d3] mt_dim.dim_basic_attribute_account_df.* <= t3.* [derived]
2026-07-02 21:11:17,117 metawiki.parse_etl.lineage INFO   [d3] mt_dim.dim_basic_role_zone_df.* <= a.* [derived]
2026-07-02 21:11:17,117 metawiki.parse_etl.lineage INFO   [d3] mt_dim.dim_gamebi_active_pay_di.* <= t.* [derived]
2026-07-02 21:11:17,117 metawiki.parse_etl.lineage INFO   [d3] mt_dwm.dwm_active_role_zone_di.* <= device_total_memory.* [derived]
2026-07-02 21:11:17,117 metawiki.parse_etl.lineage INFO   [d3] mt_dwm.dwm_active_role_zone_di.* <= friend_login_info.* [derived]
2026-07-02 21:11:17,117 metawiki.parse_etl.lineage INFO   [d3] mt_dwm.dwm_active_role_zone_di.* <= giftskin_info.* [derived]
2026-07-02 21:11:17,117 metawiki.parse_etl.lineage INFO   [d3] mt_dwm.dwm_active_role_zone_di.* <= login_auth_info.* [derived]
2026-07-02 21:11:17,117 metawiki.parse_etl.lineage INFO   [d3] mt_dwm.dwm_active_role_zone_di.* <= login_info.* [derived]
2026-07-02 21:11:17,117 metawiki.parse_etl.lineage INFO   [d3] mt_dwm.dwm_active_role_zone_di.* <= logout_info.* [derived]
2026-07-02 21:11:17,117 metawiki.parse_etl.lineage INFO   [d3] mt_dwm.dwm_active_role_zone_di.* <= prefer_moment.* [derived]
2026-07-02 21:11:17,117 metawiki.parse_etl.lineage INFO   [d3] mt_dwm.dwm_active_role_zone_di.* <= share_info.* [derived]
2026-07-02 21:11:17,117 metawiki.parse_etl.lineage INFO   [d4] a.* <= attr_info.* [derived]
2026-07-02 21:11:17,117 metawiki.parse_etl.lineage INFO   [d4] a.* <= createrole.* [derived]
2026-07-02 21:11:17,117 metawiki.parse_etl.lineage INFO   [d4] device_total_memory.* <= t1.* [derived]
2026-07-02 21:11:17,117 metawiki.parse_etl.lineage INFO   [d4] friend_login_info.* <= t.* [derived]
2026-07-02 21:11:17,117 metawiki.parse_etl.lineage INFO   [d4] giftskin_info.* <= tt.* [derived]
2026-07-02 21:11:17,117 metawiki.parse_etl.lineage INFO   [d4] login_auth_info.* <= t.* [derived]
2026-07-02 21:11:17,117 metawiki.parse_etl.lineage INFO   [d4] login_info.* <= c.* [derived]
2026-07-02 21:11:17,117 metawiki.parse_etl.lineage INFO   [d4] logout_info.* <= t.* [derived]
2026-07-02 21:11:17,117 metawiki.parse_etl.lineage INFO   [d4] prefer_moment.* <= tt.* [derived]
2026-07-02 21:11:17,117 metawiki.parse_etl.lineage INFO   [d4] share_info.* <= ml_ods.connserver_shareway.* [derived]
2026-07-02 21:11:17,117 metawiki.parse_etl.lineage INFO   [d4] t.* <= active_info.* [derived]
2026-07-02 21:11:17,117 metawiki.parse_etl.lineage INFO   [d4] t.* <= active_pay_acc.* [derived]
2026-07-02 21:11:17,117 metawiki.parse_etl.lineage INFO   [d4] t.* <= basic_df.* [derived]
2026-07-02 21:11:17,117 metawiki.parse_etl.lineage INFO   [d4] t.* <= id_df_acc.* [derived]
2026-07-02 21:11:17,117 metawiki.parse_etl.lineage INFO   [d4] t3.* <= t2.* [derived]
2026-07-02 21:11:17,117 metawiki.parse_etl.lineage INFO   [d5] active_info.* <= mt_dwm.dwm_active_role_zone_di.* [derived]
2026-07-02 21:11:17,117 metawiki.parse_etl.lineage INFO   [d5] active_pay_acc.* <= active_di_acc.* [derived]
2026-07-02 21:11:17,117 metawiki.parse_etl.lineage INFO   [d5] active_pay_acc.* <= pay_acc.* [derived]
2026-07-02 21:11:17,117 metawiki.parse_etl.lineage INFO   [d5] attr_info.* <= mt_dim.dim_attr_account_df.* [derived]
2026-07-02 21:11:17,117 metawiki.parse_etl.lineage INFO   [d5] basic_df.* <= mt_dim.dim_basic_role_zone_df.* [derived]
2026-07-02 21:11:17,118 metawiki.parse_etl.lineage INFO   [d5] c.* <= b.* [derived]
2026-07-02 21:11:17,118 metawiki.parse_etl.lineage INFO   [d5] createrole.* <= createrole_branch_1.* [derived]
2026-07-02 21:11:17,118 metawiki.parse_etl.lineage INFO   [d5] createrole.* <= createrole_branch_2.* [derived]
2026-07-02 21:11:17,118 metawiki.parse_etl.lineage INFO   [d5] id_df_acc.* <= mt_dim.dim_main_role_zone_df.* [derived]
2026-07-02 21:11:17,118 metawiki.parse_etl.lineage INFO   [d5] t.* <= tt.* [derived]
2026-07-02 21:11:17,118 metawiki.parse_etl.lineage INFO   [d5] t.* <= tt.* [derived]
2026-07-02 21:11:17,118 metawiki.parse_etl.lineage INFO   [d5] t.* <= tt.* [derived]
2026-07-02 21:11:17,118 metawiki.parse_etl.lineage INFO   [d5] t1.* <= ml_ods.connserver_client_configuration.* [derived]
2026-07-02 21:11:17,118 metawiki.parse_etl.lineage INFO   [d5] t2.* <= t1.* [derived]
2026-07-02 21:11:17,118 metawiki.parse_etl.lineage INFO   [d5] tt.* <= ml_ods.gameserver_sub_diamond.* [derived]
2026-07-02 21:11:17,118 metawiki.parse_etl.lineage INFO   [d5] tt.* <= t.* [derived]
2026-07-02 21:11:17,118 metawiki.parse_etl.lineage INFO   [d6] active_di_acc.* <= mt_dwm.dwm_active_role_zone_di.* [derived]
2026-07-02 21:11:17,118 metawiki.parse_etl.lineage INFO   [d6] b.* <= a.* [derived]
2026-07-02 21:11:17,118 metawiki.parse_etl.lineage INFO   [d6] createrole_branch_1.* <= act_info.* [derived]
2026-07-02 21:11:17,118 metawiki.parse_etl.lineage INFO   [d6] createrole_branch_1.* <= bi_test.dim_role_df_hdfs.* [derived]
2026-07-02 21:11:17,118 metawiki.parse_etl.lineage INFO   [d6] createrole_branch_2.* <= bi_test.dim_role_df_hdfs.* [derived]
2026-07-02 21:11:17,118 metawiki.parse_etl.lineage INFO   [d6] mt_dim.dim_attr_account_df.* <= config.* [derived]
2026-07-02 21:11:17,118 metawiki.parse_etl.lineage INFO   [d6] mt_dim.dim_attr_account_df.* <= result_info.* [derived]
2026-07-02 21:11:17,118 metawiki.parse_etl.lineage INFO   [d6] mt_dim.dim_main_role_zone_df.* <= t_act.* [derived]
2026-07-02 21:11:17,118 metawiki.parse_etl.lineage INFO   [d6] mt_dim.dim_main_role_zone_df.* <= t_basic.* [derived]
2026-07-02 21:11:17,118 metawiki.parse_etl.lineage INFO   [d6] mt_dim.dim_main_role_zone_df.* <= t_main_acct.* [derived]
2026-07-02 21:11:17,118 metawiki.parse_etl.lineage INFO   [d6] mt_dim.dim_main_role_zone_df.* <= t_pay.* [derived]
2026-07-02 21:11:17,118 metawiki.parse_etl.lineage INFO   [d6] pay_acc.* <= subquery_6.* [derived]
2026-07-02 21:11:17,118 metawiki.parse_etl.lineage INFO   [d6] t.* <= mt_dwd.dwd_login_di.* [derived]
2026-07-02 21:11:17,118 metawiki.parse_etl.lineage INFO   [d6] t1.* <= t.* [derived]
2026-07-02 21:11:17,118 metawiki.parse_etl.lineage INFO   [d6] tt.* <= ml_ods.connserver_client_friend_login.* [derived]
2026-07-02 21:11:17,118 metawiki.parse_etl.lineage INFO   [d6] tt.* <= ml_ods.gameserver_logout.* [derived]
2026-07-02 21:11:17,118 metawiki.parse_etl.lineage INFO   [d6] tt.* <= ml_ods.loginserver_login_auth.* [derived]
2026-07-02 21:11:17,118 metawiki.parse_etl.lineage INFO   [d7] a.* <= mt_dwd.dwd_login_di.* [derived]
2026-07-02 21:11:17,118 metawiki.parse_etl.lineage INFO   [d7] act_info.* <= active_info.* [derived]
2026-07-02 21:11:17,118 metawiki.parse_etl.lineage INFO   [d7] act_info.* <= battle_info.* [derived]
2026-07-02 21:11:17,118 metawiki.parse_etl.lineage INFO   [d7] bi_test.dim_role_df_hdfs.* <= his_create_role.* [derived]
2026-07-02 21:11:17,118 metawiki.parse_etl.lineage INFO   [d7] bi_test.dim_role_df_hdfs.* <= new_create_role.* [derived]
2026-07-02 21:11:17,118 metawiki.parse_etl.lineage INFO   [d7] config.* <= mt_dwd.config_country_area.* [derived]
2026-07-02 21:11:17,118 metawiki.parse_etl.lineage INFO   [d7] mt_dwd.dwd_login_di.* <= login_temp.* [derived]
2026-07-02 21:11:17,118 metawiki.parse_etl.lineage INFO   [d7] result_info.* <= result_info_branch_1.* [derived]
2026-07-02 21:11:17,118 metawiki.parse_etl.lineage INFO   [d7] result_info.* <= result_info_branch_2.* [derived]
2026-07-02 21:11:17,118 metawiki.parse_etl.lineage INFO   [d7] subquery_6.* <= subquery_6_branch_1.* [derived]
2026-07-02 21:11:17,118 metawiki.parse_etl.lineage INFO   [d7] subquery_6.* <= subquery_6_branch_2.* [derived]
2026-07-02 21:11:17,118 metawiki.parse_etl.lineage INFO   [d7] t.* <= a.* [derived]
2026-07-02 21:11:17,118 metawiki.parse_etl.lineage INFO   [d7] t.* <= b.* [derived]
2026-07-02 21:11:17,118 metawiki.parse_etl.lineage INFO   [d7] t_act.* <= mt_dwm.dwm_active_role_zone_di.* [derived]
2026-07-02 21:11:17,118 metawiki.parse_etl.lineage INFO   [d7] t_basic.* <= mt_dim.dim_basic_role_zone_df.* [derived]
2026-07-02 21:11:17,118 metawiki.parse_etl.lineage INFO   [d7] t_main_acct.* <= mt_dim.dim_id_mapping_role_zone_df.* [derived]
2026-07-02 21:11:17,118 metawiki.parse_etl.lineage INFO   [d7] t_pay.* <= mt_dwm.dwm_pay_role_zone_di.* [derived]
2026-07-02 21:11:17,118 metawiki.parse_etl.lineage INFO   [d8] a.* <= dm_act_survey_role_zone_df.* [derived]
2026-07-02 21:11:17,118 metawiki.parse_etl.lineage INFO   [d8] active_info.* <= t.* [derived]
2026-07-02 21:11:17,118 metawiki.parse_etl.lineage INFO   [d8] b.* <= b_branch_1.* [derived]
2026-07-02 21:11:17,118 metawiki.parse_etl.lineage INFO   [d8] b.* <= b_branch_2.* [derived]
2026-07-02 21:11:17,119 metawiki.parse_etl.lineage INFO   [d8] b.* <= b_branch_3.* [derived]
2026-07-02 21:11:17,119 metawiki.parse_etl.lineage INFO   [d8] battle_info.* <= subquery_7.* [derived]
2026-07-02 21:11:17,119 metawiki.parse_etl.lineage INFO   [d8] login_temp.* <= a.* [derived]
2026-07-02 21:11:17,119 metawiki.parse_etl.lineage INFO   [d8] login_temp.* <= b.* [derived]
2026-07-02 21:11:17,119 metawiki.parse_etl.lineage INFO   [d8] mt_dim.dim_id_mapping_role_zone_df.* <= br.* [derived]
2026-07-02 21:11:17,119 metawiki.parse_etl.lineage INFO   [d8] mt_dim.dim_id_mapping_role_zone_df.* <= rzi.* [derived]
2026-07-02 21:11:17,119 metawiki.parse_etl.lineage INFO   [d8] mt_dim.dim_id_mapping_role_zone_df.* <= temp_main_role_merge_all.* [derived]
2026-07-02 21:11:17,119 metawiki.parse_etl.lineage INFO   [d8] mt_dwm.dwm_pay_role_zone_di.* <= a.* [derived]
2026-07-02 21:11:17,119 metawiki.parse_etl.lineage INFO   [d8] new_create_role.* <= bi_test.dim_new_create_role_hdfs.* [derived]
2026-07-02 21:11:17,119 metawiki.parse_etl.lineage INFO   [d8] result_info_branch_1.* <= adv.* [derived]
2026-07-02 21:11:17,119 metawiki.parse_etl.lineage INFO   [d8] result_info_branch_1.* <= user_df.* [derived]
2026-07-02 21:11:17,119 metawiki.parse_etl.lineage INFO   [d8] result_info_branch_2.* <= user_df.* [derived]
2026-07-02 21:11:17,119 metawiki.parse_etl.lineage INFO   [d8] subquery_6_branch_1.* <= mt_dwm.dwm_charge_role_zone_df.* [derived]
2026-07-02 21:11:17,119 metawiki.parse_etl.lineage INFO   [d8] subquery_6_branch_2.* <= mt_dwm.dwm_charge_role_zone_di.* [derived]
2026-07-02 21:11:17,119 metawiki.parse_etl.lineage INFO   [d9] a.* <= ml_ods.gameserver_charge.* [derived]
2026-07-02 21:11:17,119 metawiki.parse_etl.lineage INFO   [d9] a.* <= ml_ods.gameserver_login.* [derived]
2026-07-02 21:11:17,119 metawiki.parse_etl.lineage INFO   [d9] adv.* <= a.* [derived]
2026-07-02 21:11:17,119 metawiki.parse_etl.lineage INFO   [d9] b.* <= mt_dim.dim_abnormal_account_df.* [derived]
2026-07-02 21:11:17,119 metawiki.parse_etl.lineage INFO   [d9] b_branch_1.* <= dm_act_survey_role_zone_df.* [derived]
2026-07-02 21:11:17,119 metawiki.parse_etl.lineage INFO   [d9] b_branch_2.* <= dm_act_survey_role_zone_df.* [derived]
2026-07-02 21:11:17,119 metawiki.parse_etl.lineage INFO   [d9] b_branch_3.* <= dm_act_survey_role_zone_df.* [derived]
2026-07-02 21:11:17,119 metawiki.parse_etl.lineage INFO   [d9] bi_test.dim_new_create_role_hdfs.* <= b.* [derived]
2026-07-02 21:11:17,119 metawiki.parse_etl.lineage INFO   [d9] br.* <= mt_dwm.dwm_active_role_zone_df.* [derived]
2026-07-02 21:11:17,119 metawiki.parse_etl.lineage INFO   [d9] mt_dwm.dwm_charge_role_zone_df.* <= t.* [derived]
2026-07-02 21:11:17,119 metawiki.parse_etl.lineage INFO   [d9] mt_dwm.dwm_charge_role_zone_di.* <= t.* [derived]
2026-07-02 21:11:17,119 metawiki.parse_etl.lineage INFO   [d9] rzi.* <= rzi_branch_1.* [derived]
2026-07-02 21:11:17,119 metawiki.parse_etl.lineage INFO   [d9] rzi.* <= rzi_branch_2.* [derived]
2026-07-02 21:11:17,119 metawiki.parse_etl.lineage INFO   [d9] subquery_7.* <= ml_ods.battleserver_battle_end.* [derived]
2026-07-02 21:11:17,119 metawiki.parse_etl.lineage INFO   [d9] t.* <= mt_dwm.dwm_active_role_zone_di.* [derived]
2026-07-02 21:11:17,119 metawiki.parse_etl.lineage INFO   [d9] temp_main_role_merge_all.* <= t2.* [derived]
2026-07-02 21:11:17,119 metawiki.parse_etl.lineage INFO   [d9] user_df.* <= a.* [derived]
2026-07-02 21:11:17,119 metawiki.parse_etl.lineage INFO   [d10] a.* <= df.* [derived]
2026-07-02 21:11:17,119 metawiki.parse_etl.lineage INFO   [d10] a.* <= mt_dwd.dwd_account_attribution_df.* [derived]
2026-07-02 21:11:17,119 metawiki.parse_etl.lineage INFO   [d10] a.* <= role_di.* [derived]
2026-07-02 21:11:17,119 metawiki.parse_etl.lineage INFO   [d10] a.* <= user_di.* [derived]
2026-07-02 21:11:17,119 metawiki.parse_etl.lineage INFO   [d10] b.* <= a.* [derived]
2026-07-02 21:11:17,119 metawiki.parse_etl.lineage INFO   [d10] mt_dim.dim_abnormal_account_df.* <= subquery_2.* [derived]
2026-07-02 21:11:17,119 metawiki.parse_etl.lineage INFO   [d10] mt_dwm.dwm_active_role_zone_df.* <= t1.* [derived]
2026-07-02 21:11:17,119 metawiki.parse_etl.lineage INFO   [d10] mt_dwm.dwm_active_role_zone_df.* <= t2.* [derived]
2026-07-02 21:11:17,119 metawiki.parse_etl.lineage INFO   [d10] mt_dwm.dwm_active_role_zone_df.* <= t4.* [derived]
2026-07-02 21:11:17,119 metawiki.parse_etl.lineage INFO   [d10] rzi_branch_1.* <= role_zone_device_not_one_by_one_1st_sort.* [derived]
2026-07-02 21:11:17,119 metawiki.parse_etl.lineage INFO   [d10] rzi_branch_2.* <= role_zone_device_not_one_by_one_2st_sort_res.* [derived]
2026-07-02 21:11:17,119 metawiki.parse_etl.lineage INFO   [d10] t.* <= raw_dwd.* [derived]
2026-07-02 21:11:17,119 metawiki.parse_etl.lineage INFO   [d10] t.* <= t_branch_1.* [derived]
2026-07-02 21:11:17,119 metawiki.parse_etl.lineage INFO   [d10] t.* <= t_branch_2.* [derived]
2026-07-02 21:11:17,119 metawiki.parse_etl.lineage INFO   [d10] t2.* <= t1.* [derived]
2026-07-02 21:11:17,119 metawiki.parse_etl.lineage INFO   [d11] a.* <= act.* [derived]
2026-07-02 21:11:17,119 metawiki.parse_etl.lineage INFO   [d11] a.* <= attr.* [derived]
2026-07-02 21:11:17,119 metawiki.parse_etl.lineage INFO   [d11] a.* <= bind.* [derived]
2026-07-02 21:11:17,119 metawiki.parse_etl.lineage INFO   [d11] a.* <= his.* [derived]
2026-07-02 21:11:17,119 metawiki.parse_etl.lineage INFO   [d11] a.* <= mini.* [derived]
2026-07-02 21:11:17,119 metawiki.parse_etl.lineage INFO   [d11] a.* <= new.* [derived]
2026-07-02 21:11:17,120 metawiki.parse_etl.lineage INFO   [d11] df.* <= bi_test.dim_attr_df_mla_hdfs.* [derived]
2026-07-02 21:11:17,120 metawiki.parse_etl.lineage INFO   [d11] raw_dwd.* <= a.* [derived]
2026-07-02 21:11:17,120 metawiki.parse_etl.lineage INFO   [d11] role_di.* <= tt.* [derived]
2026-07-02 21:11:17,120 metawiki.parse_etl.lineage INFO   [d11] role_zone_device_not_one_by_one_1st_sort.* <= t2.* [derived]
2026-07-02 21:11:17,120 metawiki.parse_etl.lineage INFO   [d11] role_zone_device_not_one_by_one_2st_sort_res.* <= t1.* [derived]
2026-07-02 21:11:17,120 metawiki.parse_etl.lineage INFO   [d11] subquery_2.* <= subquery_2_branch_1.* [derived]
2026-07-02 21:11:17,120 metawiki.parse_etl.lineage INFO   [d11] subquery_2.* <= subquery_2_branch_2.* [derived]
2026-07-02 21:11:17,120 metawiki.parse_etl.lineage INFO   [d11] t1.* <= de.* [derived]
2026-07-02 21:11:17,120 metawiki.parse_etl.lineage INFO   [d11] t1.* <= t1.* [derived]
2026-07-02 21:11:17,120 metawiki.parse_etl.lineage INFO   [d11] t2.* <= t.* [derived]
2026-07-02 21:11:17,120 metawiki.parse_etl.lineage INFO   [d11] t_branch_1.* <= mt_dwm.dwm_charge_role_zone_di.* [derived]
2026-07-02 21:11:17,120 metawiki.parse_etl.lineage INFO   [d11] user_di.* <= a.* [derived]
2026-07-02 21:11:17,120 metawiki.parse_etl.lineage INFO   [d11] user_di.* <= b.* [derived]
2026-07-02 21:11:17,120 metawiki.parse_etl.lineage INFO   [d12] a.* <= aa.* [derived]
2026-07-02 21:11:17,120 metawiki.parse_etl.lineage INFO   [d12] a.* <= mt_dwd.dwd_charge_order_di.* [derived]
2026-07-02 21:11:17,120 metawiki.parse_etl.lineage INFO   [d12] attr.* <= mt_dim.dim_attr_account_df.* [derived]
2026-07-02 21:11:17,120 metawiki.parse_etl.lineage INFO   [d12] b.* <= mt_dim.config_country.* [derived]
2026-07-02 21:11:17,120 metawiki.parse_etl.lineage INFO   [d12] bind.* <= mt_dim.dim_basic_bind_account_di.* [derived]
2026-07-02 21:11:17,120 metawiki.parse_etl.lineage INFO   [d12] de.* <= temp_main_account_t1.* [derived]
2026-07-02 21:11:17,120 metawiki.parse_etl.lineage INFO   [d12] mini.* <= ml_ods.loginserver_login_mini_return.* [derived]
2026-07-02 21:11:17,120 metawiki.parse_etl.lineage INFO   [d12] new.* <= mt_dim.dim_create_role_zone_di.* [derived]
2026-07-02 21:11:17,120 metawiki.parse_etl.lineage INFO   [d12] subquery_2_branch_1.* <= ml_ods.accountserver_account_create.* [derived]
2026-07-02 21:11:17,120 metawiki.parse_etl.lineage INFO   [d12] t.* <= mt_dwm.dwm_active_role_zone_di.* [derived]
2026-07-02 21:11:17,120 metawiki.parse_etl.lineage INFO   [d12] t1.* <= role_zone_device_not_one_by_one_1st_sort.* [derived]
2026-07-02 21:11:17,120 metawiki.parse_etl.lineage INFO   [d12] t1.* <= t1_branch_1.* [derived]
2026-07-02 21:11:17,120 metawiki.parse_etl.lineage INFO   [d12] t1.* <= t1_branch_2.* [derived]
2026-07-02 21:11:17,120 metawiki.parse_etl.lineage INFO   [d12] t2.* <= t1.* [derived]
2026-07-02 21:11:17,120 metawiki.parse_etl.lineage INFO   [d12] tt.* <= t.* [derived]
2026-07-02 21:11:17,120 metawiki.parse_etl.lineage INFO   [d13] aa.* <= mh_ods.accountserver_account_create.* [derived]
2026-07-02 21:11:17,120 metawiki.parse_etl.lineage INFO   [d13] mt_dim.dim_basic_bind_account_di.* <= ml_ods.connserver_bindaccount_data.* [derived]
2026-07-02 21:11:17,120 metawiki.parse_etl.lineage INFO   [d13] mt_dim.dim_create_role_zone_di.* <= a.* [derived]
2026-07-02 21:11:17,120 metawiki.parse_etl.lineage INFO   [d13] mt_dwd.dwd_charge_order_di.* <= t3.* [derived]
2026-07-02 21:11:17,120 metawiki.parse_etl.lineage INFO   [d13] t.* <= mh_ods.gameserver_create_role.* [derived]
2026-07-02 21:11:17,120 metawiki.parse_etl.lineage INFO   [d13] t.* <= role_df.* [derived]
2026-07-02 21:11:17,120 metawiki.parse_etl.lineage INFO   [d13] t1.* <= ro.* [derived]
2026-07-02 21:11:17,120 metawiki.parse_etl.lineage INFO   [d13] t1_branch_1.* <= mt_dwm.dwm_active_role_zone_di.* [derived]
2026-07-02 21:11:17,120 metawiki.parse_etl.lineage INFO   [d13] temp_main_account_t1.* <= act.* [derived]
2026-07-02 21:11:17,120 metawiki.parse_etl.lineage INFO   [d14] a.* <= a_branch_1.* [derived]
2026-07-02 21:11:17,120 metawiki.parse_etl.lineage INFO   [d14] a.* <= a_branch_2.* [derived]
2026-07-02 21:11:17,120 metawiki.parse_etl.lineage INFO   [d14] act.* <= mt_dim.dim_mapping_role_df.* [derived]
2026-07-02 21:11:17,120 metawiki.parse_etl.lineage INFO   [d14] ro.* <= main_did.* [derived]
2026-07-02 21:11:17,120 metawiki.parse_etl.lineage INFO   [d14] role_df.* <= mh_ods.gameserver_create_role.* [derived]
2026-07-02 21:11:17,120 metawiki.parse_etl.lineage INFO   [d14] t3.* <= t2.* [derived]
2026-07-02 21:11:17,120 metawiki.parse_etl.lineage INFO   [d15] a_branch_1.* <= a.* [derived]
2026-07-02 21:11:17,120 metawiki.parse_etl.lineage INFO   [d15] a_branch_1.* <= c.* [derived]
2026-07-02 21:11:17,120 metawiki.parse_etl.lineage INFO   [d15] a_branch_2.* <= lc.* [derived]
2026-07-02 21:11:17,120 metawiki.parse_etl.lineage INFO   [d15] main_did.* <= mt_dim.dim_mapping_device_df.* [derived]
2026-07-02 21:11:17,120 metawiki.parse_etl.lineage INFO   [d15] mt_dim.dim_mapping_role_df.* <= cur_day_mapping.* [derived]
2026-07-02 21:11:17,120 metawiki.parse_etl.lineage INFO   [d15] mt_dim.dim_mapping_role_df.* <= t_his.* [derived]
2026-07-02 21:11:17,121 metawiki.parse_etl.lineage INFO   [d15] mt_dim.dim_mapping_role_df.* <= t_login.* [derived]
2026-07-02 21:11:17,121 metawiki.parse_etl.lineage INFO   [d15] t2.* <= t1.* [derived]
2026-07-02 21:11:17,121 metawiki.parse_etl.lineage INFO   [d16] a.* <= b.* [derived]
2026-07-02 21:11:17,121 metawiki.parse_etl.lineage INFO   [d16] a.* <= mt_dwd.dwd_create_role_di.* [derived]
2026-07-02 21:11:17,121 metawiki.parse_etl.lineage INFO   [d16] c.* <= x.* [derived]
2026-07-02 21:11:17,121 metawiki.parse_etl.lineage INFO   [d16] cur_day_mapping.* <= t_active.* [derived]
2026-07-02 21:11:17,121 metawiki.parse_etl.lineage INFO   [d16] lc.* <= bk.* [derived]
2026-07-02 21:11:17,121 metawiki.parse_etl.lineage INFO   [d16] lc.* <= cre.* [derived]
2026-07-02 21:11:17,121 metawiki.parse_etl.lineage INFO   [d16] mt_dim.dim_mapping_device_df.* <= cur_day_mapping.* [derived]
2026-07-02 21:11:17,121 metawiki.parse_etl.lineage INFO   [d16] mt_dim.dim_mapping_device_df.* <= t_battle_map.* [derived]
2026-07-02 21:11:17,121 metawiki.parse_etl.lineage INFO   [d16] mt_dim.dim_mapping_device_df.* <= t_his.* [derived]
2026-07-02 21:11:17,121 metawiki.parse_etl.lineage INFO   [d16] mt_dim.dim_mapping_device_df.* <= t_login.* [derived]
2026-07-02 21:11:17,121 metawiki.parse_etl.lineage INFO   [d16] t1.* <= t.* [derived]
2026-07-02 21:11:17,121 metawiki.parse_etl.lineage INFO   [d16] t_login.* <= ml_ods.gameserver_login.* [derived]
2026-07-02 21:11:17,121 metawiki.parse_etl.lineage INFO   [d17] b.* <= bi_test.dim_create_role_hdfs.* [derived]
2026-07-02 21:11:17,121 metawiki.parse_etl.lineage INFO   [d17] bk.* <= bk_branch_1.* [derived]
2026-07-02 21:11:17,121 metawiki.parse_etl.lineage INFO   [d17] bk.* <= bk_branch_2.* [derived]
2026-07-02 21:11:17,121 metawiki.parse_etl.lineage INFO   [d17] cre.* <= a.* [derived]
2026-07-02 21:11:17,121 metawiki.parse_etl.lineage INFO   [d17] cur_day_mapping.* <= t_login.* [derived]
2026-07-02 21:11:17,121 metawiki.parse_etl.lineage INFO   [d17] mt_dwd.dwd_create_role_di.* <= create_temp.* [derived]
2026-07-02 21:11:17,121 metawiki.parse_etl.lineage INFO   [d17] t.* <= c.* [derived]
2026-07-02 21:11:17,121 metawiki.parse_etl.lineage INFO   [d17] t.* <= charge_final.* [derived]
2026-07-02 21:11:17,121 metawiki.parse_etl.lineage INFO   [d17] t.* <= currency_exchange.* [derived]
2026-07-02 21:11:17,121 metawiki.parse_etl.lineage INFO   [d17] t.* <= d.* [derived]
2026-07-02 21:11:17,121 metawiki.parse_etl.lineage INFO   [d17] t.* <= e.* [derived]
2026-07-02 21:11:17,121 metawiki.parse_etl.lineage INFO   [d17] t.* <= f.* [derived]
2026-07-02 21:11:17,121 metawiki.parse_etl.lineage INFO   [d17] t.* <= g.* [derived]
2026-07-02 21:11:17,121 metawiki.parse_etl.lineage INFO   [d17] t.* <= h.* [derived]
2026-07-02 21:11:17,121 metawiki.parse_etl.lineage INFO   [d17] t.* <= i.* [derived]
2026-07-02 21:11:17,121 metawiki.parse_etl.lineage INFO   [d17] t.* <= j.* [derived]
2026-07-02 21:11:17,121 metawiki.parse_etl.lineage INFO   [d17] t_active.* <= t_today_df.* [derived]
2026-07-02 21:11:17,121 metawiki.parse_etl.lineage INFO   [d17] t_battle_map.* <= mt_dwd.dwd_battle_mapping_device_di.* [derived]
2026-07-02 21:11:17,121 metawiki.parse_etl.lineage INFO   [d17] t_login.* <= ml_ods.gameserver_login.* [derived]
2026-07-02 21:11:17,121 metawiki.parse_etl.lineage INFO   [d17] x.* <= x_branch_1.* [derived]
2026-07-02 21:11:17,121 metawiki.parse_etl.lineage INFO   [d17] x.* <= x_branch_2.* [derived]
2026-07-02 21:11:17,121 metawiki.parse_etl.lineage INFO   [d18] a.* <= a_branch_1.* [derived]
2026-07-02 21:11:17,121 metawiki.parse_etl.lineage INFO   [d18] a.* <= a_branch_2.* [derived]
2026-07-02 21:11:17,121 metawiki.parse_etl.lineage INFO   [d18] a.* <= a_branch_3.* [derived]
2026-07-02 21:11:17,121 metawiki.parse_etl.lineage INFO   [d18] bi_test.dim_create_role_hdfs.* <= mt_dwd.dwd_create_role_di.* [derived]
2026-07-02 21:11:17,121 metawiki.parse_etl.lineage INFO   [d18] bk_branch_1.* <= mt_dwd.dwd_login_di.* [derived]
2026-07-02 21:11:17,121 metawiki.parse_etl.lineage INFO   [d18] bk_branch_2.* <= ml_ods.gameserver_charge.* [derived]
2026-07-02 21:11:17,121 metawiki.parse_etl.lineage INFO   [d18] c.* <= paychannel_rate.* [derived]
2026-07-02 21:11:17,121 metawiki.parse_etl.lineage INFO   [d18] charge_final.* <= b.* [derived]
2026-07-02 21:11:17,121 metawiki.parse_etl.lineage INFO   [d18] charge_final.* <= charge_calibrated.* [derived]
2026-07-02 21:11:17,121 metawiki.parse_etl.lineage INFO   [d18] create_temp.* <= a.* [direct]
2026-07-02 21:11:17,121 metawiki.parse_etl.lineage INFO   [d18] create_temp.* <= b.* [derived]
2026-07-02 21:11:17,121 metawiki.parse_etl.lineage INFO   [d18] currency_exchange.* <= mt_dim.dim_currency_exchange_df.* [derived]
2026-07-02 21:11:17,121 metawiki.parse_etl.lineage INFO   [d18] d.* <= paychannel_rate.* [derived]
2026-07-02 21:11:17,122 metawiki.parse_etl.lineage INFO   [d18] e.* <= paychannel_rate.* [derived]
2026-07-02 21:11:17,122 metawiki.parse_etl.lineage INFO   [d18] f.* <= paychannel_rate.* [derived]
2026-07-02 21:11:17,122 metawiki.parse_etl.lineage INFO   [d18] g.* <= paychannel_fee.* [derived]
2026-07-02 21:11:17,122 metawiki.parse_etl.lineage INFO   [d18] h.* <= paychannel_fee.* [derived]
2026-07-02 21:11:17,122 metawiki.parse_etl.lineage INFO   [d18] i.* <= paychannel_fee.* [derived]
2026-07-02 21:11:17,122 metawiki.parse_etl.lineage INFO   [d18] j.* <= paychannel_fee.* [derived]
2026-07-02 21:11:17,122 metawiki.parse_etl.lineage INFO   [d18] mt_dwd.dwd_battle_mapping_device_di.* <= t_info.* [derived]
2026-07-02 21:11:17,122 metawiki.parse_etl.lineage INFO   [d18] t_login.* <= t_today_df.* [derived]
2026-07-02 21:11:17,122 metawiki.parse_etl.lineage INFO   [d18] t_today_df.* <= mt_dim.dim_mlbb_id_mapping_df.* [derived]
2026-07-02 21:11:17,122 metawiki.parse_etl.lineage INFO   [d18] x_branch_1.* <= mt_dwm.dwm_active_role_zone_df.* [derived]
2026-07-02 21:11:17,122 metawiki.parse_etl.lineage INFO   [d18] x_branch_2.* <= mt_dwm.dwm_pay_role_zone_df.* [derived]
2026-07-02 21:11:17,122 metawiki.parse_etl.lineage INFO   [d19] a.* <= subquery_3.* [derived]
2026-07-02 21:11:17,122 metawiki.parse_etl.lineage INFO   [d19] a_branch_1.* <= bi_test.dim_create_role_hdfs.* [derived]
2026-07-02 21:11:17,122 metawiki.parse_etl.lineage INFO   [d19] a_branch_2.* <= mt_dwm.dwm_active_role_zone_df.* [derived]
2026-07-02 21:11:17,122 metawiki.parse_etl.lineage INFO   [d19] a_branch_3.* <= mt_dwm.dwm_pay_role_zone_df.* [derived]
2026-07-02 21:11:17,122 metawiki.parse_etl.lineage INFO   [d19] b.* <= mt_dim.dim_abnormal_account_df.* [derived]
2026-07-02 21:11:17,122 metawiki.parse_etl.lineage INFO   [d19] b.* <= mt_dim.dim_productmoney_change_df.* [derived]
2026-07-02 21:11:17,122 metawiki.parse_etl.lineage INFO   [d19] charge_calibrated.* <= charge_country_calibrated.* [derived]
2026-07-02 21:11:17,122 metawiki.parse_etl.lineage INFO   [d19] charge_calibrated.* <= currency_country_mapping.* [derived]
2026-07-02 21:11:17,122 metawiki.parse_etl.lineage INFO   [d19] charge_calibrated.* <= timezone_mapping.* [derived]
2026-07-02 21:11:17,122 metawiki.parse_etl.lineage INFO   [d19] mt_dim.dim_currency_exchange_df.* <= t.* [derived]
2026-07-02 21:11:17,122 metawiki.parse_etl.lineage INFO   [d19] paychannel_fee.* <= mt_dim.dim_paychannel_fee_di.* [derived]
2026-07-02 21:11:17,122 metawiki.parse_etl.lineage INFO   [d19] paychannel_rate.* <= mt_dim.dim_paychannel_rate_di.* [derived]
2026-07-02 21:11:17,122 metawiki.parse_etl.lineage INFO   [d19] t_info.* <= t_battle.* [derived]
2026-07-02 21:11:17,122 metawiki.parse_etl.lineage INFO   [d19] t_info.* <= t_login.* [derived]
2026-07-02 21:11:17,122 metawiki.parse_etl.lineage INFO   [d19] t_today_df.* <= mt_dim.dim_mlbb_id_mapping_df.* [derived]
2026-07-02 21:11:17,122 metawiki.parse_etl.lineage INFO   [d20] charge_country_calibrated.* <= subquery_22.* [derived]
2026-07-02 21:11:17,122 metawiki.parse_etl.lineage INFO   [d20] currency_country_mapping.* <= d2.* [derived]
2026-07-02 21:11:17,122 metawiki.parse_etl.lineage INFO   [d20] currency_country_mapping.* <= mt_dim.dim_currency_country_di.* [derived]
2026-07-02 21:11:17,122 metawiki.parse_etl.lineage INFO   [d20] mt_dim.dim_paychannel_fee_di.* <= mt_dim.dim_paychannel_fee_new.* [derived]
2026-07-02 21:11:17,122 metawiki.parse_etl.lineage INFO   [d20] mt_dim.dim_paychannel_rate_di.* <= mt_dim.dim_paychannel_rate_new.* [derived]
2026-07-02 21:11:17,122 metawiki.parse_etl.lineage INFO   [d20] mt_dim.dim_productmoney_change_df.* <= teriri.* [derived]
2026-07-02 21:11:17,122 metawiki.parse_etl.lineage INFO   [d20] subquery_3.* <= ml_ods.gameserver_create_role.* [derived]
2026-07-02 21:11:17,122 metawiki.parse_etl.lineage INFO   [d20] t.* <= mt_dim.dim_xe_currency_exchange.* [derived]
2026-07-02 21:11:17,122 metawiki.parse_etl.lineage INFO   [d20] t_battle.* <= t1.* [derived]
2026-07-02 21:11:17,122 metawiki.parse_etl.lineage INFO   [d20] t_login.* <= t.* [derived]
2026-07-02 21:11:17,122 metawiki.parse_etl.lineage INFO   [d20] timezone_mapping.* <= d2.* [derived]
2026-07-02 21:11:17,122 metawiki.parse_etl.lineage INFO   [d20] timezone_mapping.* <= mt_dim.dim_payment_channel_timezone_di.* [derived]
2026-07-02 21:11:17,122 metawiki.parse_etl.lineage INFO   [d21] d2.* <= mt_dim.dim_currency_country_di.* [derived]
2026-07-02 21:11:17,122 metawiki.parse_etl.lineage INFO   [d21] d2.* <= mt_dim.dim_payment_channel_timezone_di.* [derived]
2026-07-02 21:11:17,122 metawiki.parse_etl.lineage INFO   [d21] mt_dim.dim_currency_country_di.* <= mt_dim.dim_currency_country.* [derived]
2026-07-02 21:11:17,122 metawiki.parse_etl.lineage INFO   [d21] mt_dim.dim_payment_channel_timezone_di.* <= mt_dim.dim_payment_channel_timezone.* [derived]
2026-07-02 21:11:17,122 metawiki.parse_etl.lineage INFO   [d21] subquery_22.* <= charge_raw.* [derived]
2026-07-02 21:11:17,122 metawiki.parse_etl.lineage INFO   [d21] subquery_22.* <= currency_country_mapping.* [derived]
2026-07-02 21:11:17,122 metawiki.parse_etl.lineage INFO   [d21] subquery_22.* <= mt_dim.dim_basic_role_zone_df.* [derived]
2026-07-02 21:11:17,122 metawiki.parse_etl.lineage INFO   [d21] t.* <= ml_ods.gameserver_login.* [derived]
2026-07-02 21:11:17,123 metawiki.parse_etl.lineage INFO   [d21] t1.* <= ml_ods.battleserver_battle_end.* [derived]
2026-07-02 21:11:17,123 metawiki.parse_etl.lineage INFO   [d21] teriri.* <= mt_dim.dim_productmoney_change.* [derived]
2026-07-02 21:11:17,123 metawiki.parse_etl.lineage INFO   [d22] charge_raw.* <= c.* [derived]
2026-07-02 21:11:17,123 metawiki.parse_etl.lineage INFO   [d22] charge_raw.* <= charge_all.* [derived]
2026-07-02 21:11:17,123 metawiki.parse_etl.lineage INFO   [d22] charge_raw.* <= d.* [derived]
2026-07-02 21:11:17,123 metawiki.parse_etl.lineage INFO   [d22] charge_raw.* <= receipt_mapping.* [derived]
2026-07-02 21:11:17,123 metawiki.parse_etl.lineage INFO   [d23] c.* <= dim_charge_calibration_df.* [derived]
2026-07-02 21:11:17,123 metawiki.parse_etl.lineage INFO   [d23] charge_all.* <= subquery_4.* [derived]
2026-07-02 21:11:17,123 metawiki.parse_etl.lineage INFO   [d23] d.* <= dim_charge_calibration_df.* [derived]
2026-07-02 21:11:17,123 metawiki.parse_etl.lineage INFO   [d23] receipt_mapping.* <= d2.* [derived]
2026-07-02 21:11:17,123 metawiki.parse_etl.lineage INFO   [d23] receipt_mapping.* <= mt_dim.dim_receipt_mapping_di.* [derived]
2026-07-02 21:11:17,123 metawiki.parse_etl.lineage INFO   [d24] d2.* <= mt_dim.dim_receipt_mapping_di.* [derived]
2026-07-02 21:11:17,123 metawiki.parse_etl.lineage INFO   [d24] dim_charge_calibration_df.* <= d2.* [derived]
2026-07-02 21:11:17,123 metawiki.parse_etl.lineage INFO   [d24] mt_dim.dim_receipt_mapping_di.* <= mt_dim.dim_receipt_mapping_new.* [derived]
2026-07-02 21:11:17,123 metawiki.parse_etl.lineage INFO   [d24] subquery_4.* <= subquery_4_branch_1.* [derived]
2026-07-02 21:11:17,123 metawiki.parse_etl.lineage INFO   [d24] subquery_4.* <= subquery_4_branch_2.* [derived]
2026-07-02 21:11:17,123 metawiki.parse_etl.lineage INFO   [d25] subquery_4_branch_1.* <= ml_ods.gameserver_charge.* [derived]
2026-07-02 21:11:17,123 metawiki.parse_etl.lineage INFO   [d25] subquery_4_branch_2.* <= b.* [derived]
2026-07-02 21:11:17,123 metawiki.parse_etl.lineage INFO   [d25] subquery_4_branch_2.* <= charge_gp_no_price.* [derived]
2026-07-02 21:11:17,123 metawiki.parse_etl.lineage INFO   [d26] b.* <= t.* [derived]
2026-07-02 21:11:17,123 metawiki.parse_etl.lineage INFO   [d26] charge_gp_no_price.* <= ml_ods.gameserver_charge.* [derived]
2026-07-02 21:11:17,123 metawiki.parse_etl.lineage INFO   [d27] t.* <= charge_gp_no_price.* [derived]
2026-07-02 21:11:17,123 metawiki.parse_etl.lineage INFO   [d27] t.* <= t1.* [derived]
2026-07-02 21:11:17,123 metawiki.parse_etl.lineage INFO   [d28] t1.* <= ml_ods.gameserver_charge.* [derived]
2026-07-03 13:51:31,572 metawiki.parse_etl.lineage INFO 字段 mt_ads.ads_decismart_active_di.active_cnt  (job=job.100025289_0)
2026-07-03 13:51:31,675 metawiki.parse_etl.lineage INFO 可分析维度 4 个: active_label, network_group, country, age_group
2026-07-03 13:51:31,675 metawiki.parse_etl.lineage INFO 递归血缘 307 跳:
2026-07-03 13:51:31,675 metawiki.parse_etl.lineage INFO   [d1] mt_ads.ads_decismart_active_di.active_cnt <= active_di.* [aggregated]
2026-07-03 13:51:31,675 metawiki.parse_etl.lineage INFO   [d1] mt_ads.ads_decismart_active_di.active_cnt <= attribute_account_df.* [aggregated]
2026-07-03 13:51:31,675 metawiki.parse_etl.lineage INFO   [d1] mt_ads.ads_decismart_active_di.active_cnt <= basic.* [aggregated]
2026-07-03 13:51:31,675 metawiki.parse_etl.lineage INFO   [d1] mt_ads.ads_decismart_active_di.active_cnt <= lose_active_di.* [aggregated]
2026-07-03 13:51:31,675 metawiki.parse_etl.lineage INFO   [d2] active_di.* <= mt_dwm.dwm_active_role_zone_di.* [derived]
2026-07-03 13:51:31,675 metawiki.parse_etl.lineage INFO   [d2] attribute_account_df.* <= mt_dim.dim_basic_attribute_account_df.* [derived]
2026-07-03 13:51:31,676 metawiki.parse_etl.lineage INFO   [d2] basic.* <= mt_dim.dim_basic_role_zone_df.* [derived]
2026-07-03 13:51:31,676 metawiki.parse_etl.lineage INFO   [d2] lose_active_di.* <= mt_dim.dim_gamebi_active_pay_di.* [derived]
2026-07-03 13:51:31,676 metawiki.parse_etl.lineage INFO   [d3] mt_dim.dim_basic_attribute_account_df.* <= t3.* [derived]
2026-07-03 13:51:31,676 metawiki.parse_etl.lineage INFO   [d3] mt_dim.dim_basic_role_zone_df.* <= a.* [derived]
2026-07-03 13:51:31,676 metawiki.parse_etl.lineage INFO   [d3] mt_dim.dim_gamebi_active_pay_di.* <= t.* [derived]
2026-07-03 13:51:31,676 metawiki.parse_etl.lineage INFO   [d3] mt_dwm.dwm_active_role_zone_di.* <= device_total_memory.* [derived]
2026-07-03 13:51:31,676 metawiki.parse_etl.lineage INFO   [d3] mt_dwm.dwm_active_role_zone_di.* <= friend_login_info.* [derived]
2026-07-03 13:51:31,676 metawiki.parse_etl.lineage INFO   [d3] mt_dwm.dwm_active_role_zone_di.* <= giftskin_info.* [derived]
2026-07-03 13:51:31,676 metawiki.parse_etl.lineage INFO   [d3] mt_dwm.dwm_active_role_zone_di.* <= login_auth_info.* [derived]
2026-07-03 13:51:31,676 metawiki.parse_etl.lineage INFO   [d3] mt_dwm.dwm_active_role_zone_di.* <= login_info.* [derived]
2026-07-03 13:51:31,676 metawiki.parse_etl.lineage INFO   [d3] mt_dwm.dwm_active_role_zone_di.* <= logout_info.* [derived]
2026-07-03 13:51:31,676 metawiki.parse_etl.lineage INFO   [d3] mt_dwm.dwm_active_role_zone_di.* <= prefer_moment.* [derived]
2026-07-03 13:51:31,676 metawiki.parse_etl.lineage INFO   [d3] mt_dwm.dwm_active_role_zone_di.* <= share_info.* [derived]
2026-07-03 13:51:31,676 metawiki.parse_etl.lineage INFO   [d4] a.* <= attr_info.* [derived]
2026-07-03 13:51:31,676 metawiki.parse_etl.lineage INFO   [d4] a.* <= createrole.* [derived]
2026-07-03 13:51:31,676 metawiki.parse_etl.lineage INFO   [d4] device_total_memory.* <= t1.* [derived]
2026-07-03 13:51:31,676 metawiki.parse_etl.lineage INFO   [d4] friend_login_info.* <= t.* [derived]
2026-07-03 13:51:31,676 metawiki.parse_etl.lineage INFO   [d4] giftskin_info.* <= tt.* [derived]
2026-07-03 13:51:31,676 metawiki.parse_etl.lineage INFO   [d4] login_auth_info.* <= t.* [derived]
2026-07-03 13:51:31,676 metawiki.parse_etl.lineage INFO   [d4] login_info.* <= c.* [derived]
2026-07-03 13:51:31,676 metawiki.parse_etl.lineage INFO   [d4] logout_info.* <= t.* [derived]
2026-07-03 13:51:31,676 metawiki.parse_etl.lineage INFO   [d4] prefer_moment.* <= tt.* [derived]
2026-07-03 13:51:31,676 metawiki.parse_etl.lineage INFO   [d4] share_info.* <= ml_ods.connserver_shareway.* [derived]
2026-07-03 13:51:31,676 metawiki.parse_etl.lineage INFO   [d4] t.* <= active_info.* [derived]
2026-07-03 13:51:31,676 metawiki.parse_etl.lineage INFO   [d4] t.* <= active_pay_acc.* [derived]
2026-07-03 13:51:31,676 metawiki.parse_etl.lineage INFO   [d4] t.* <= basic_df.* [derived]
2026-07-03 13:51:31,676 metawiki.parse_etl.lineage INFO   [d4] t.* <= id_df_acc.* [derived]
2026-07-03 13:51:31,676 metawiki.parse_etl.lineage INFO   [d4] t3.* <= t2.* [derived]
2026-07-03 13:51:31,676 metawiki.parse_etl.lineage INFO   [d5] active_info.* <= mt_dwm.dwm_active_role_zone_di.* [derived]
2026-07-03 13:51:31,676 metawiki.parse_etl.lineage INFO   [d5] active_pay_acc.* <= active_di_acc.* [derived]
2026-07-03 13:51:31,676 metawiki.parse_etl.lineage INFO   [d5] active_pay_acc.* <= pay_acc.* [derived]
2026-07-03 13:51:31,676 metawiki.parse_etl.lineage INFO   [d5] attr_info.* <= mt_dim.dim_attr_account_df.* [derived]
2026-07-03 13:51:31,676 metawiki.parse_etl.lineage INFO   [d5] basic_df.* <= mt_dim.dim_basic_role_zone_df.* [derived]
2026-07-03 13:51:31,676 metawiki.parse_etl.lineage INFO   [d5] c.* <= b.* [derived]
2026-07-03 13:51:31,676 metawiki.parse_etl.lineage INFO   [d5] createrole.* <= createrole_branch_1.* [derived]
2026-07-03 13:51:31,676 metawiki.parse_etl.lineage INFO   [d5] createrole.* <= createrole_branch_2.* [derived]
2026-07-03 13:51:31,676 metawiki.parse_etl.lineage INFO   [d5] id_df_acc.* <= mt_dim.dim_main_role_zone_df.* [derived]
2026-07-03 13:51:31,676 metawiki.parse_etl.lineage INFO   [d5] t.* <= tt.* [derived]
2026-07-03 13:51:31,676 metawiki.parse_etl.lineage INFO   [d5] t.* <= tt.* [derived]
2026-07-03 13:51:31,676 metawiki.parse_etl.lineage INFO   [d5] t.* <= tt.* [derived]
2026-07-03 13:51:31,676 metawiki.parse_etl.lineage INFO   [d5] t1.* <= ml_ods.connserver_client_configuration.* [derived]
2026-07-03 13:51:31,676 metawiki.parse_etl.lineage INFO   [d5] t2.* <= t1.* [derived]
2026-07-03 13:51:31,676 metawiki.parse_etl.lineage INFO   [d5] tt.* <= ml_ods.gameserver_sub_diamond.* [derived]
2026-07-03 13:51:31,676 metawiki.parse_etl.lineage INFO   [d5] tt.* <= t.* [derived]
2026-07-03 13:51:31,676 metawiki.parse_etl.lineage INFO   [d6] active_di_acc.* <= mt_dwm.dwm_active_role_zone_di.* [derived]
2026-07-03 13:51:31,676 metawiki.parse_etl.lineage INFO   [d6] b.* <= a.* [derived]
2026-07-03 13:51:31,676 metawiki.parse_etl.lineage INFO   [d6] createrole_branch_1.* <= act_info.* [derived]
2026-07-03 13:51:31,676 metawiki.parse_etl.lineage INFO   [d6] createrole_branch_1.* <= bi_test.dim_role_df_hdfs.* [derived]
2026-07-03 13:51:31,676 metawiki.parse_etl.lineage INFO   [d6] createrole_branch_2.* <= bi_test.dim_role_df_hdfs.* [derived]
2026-07-03 13:51:31,676 metawiki.parse_etl.lineage INFO   [d6] mt_dim.dim_attr_account_df.* <= config.* [derived]
2026-07-03 13:51:31,676 metawiki.parse_etl.lineage INFO   [d6] mt_dim.dim_attr_account_df.* <= result_info.* [derived]
2026-07-03 13:51:31,676 metawiki.parse_etl.lineage INFO   [d6] mt_dim.dim_main_role_zone_df.* <= t_act.* [derived]
2026-07-03 13:51:31,676 metawiki.parse_etl.lineage INFO   [d6] mt_dim.dim_main_role_zone_df.* <= t_basic.* [derived]
2026-07-03 13:51:31,676 metawiki.parse_etl.lineage INFO   [d6] mt_dim.dim_main_role_zone_df.* <= t_main_acct.* [derived]
2026-07-03 13:51:31,676 metawiki.parse_etl.lineage INFO   [d6] mt_dim.dim_main_role_zone_df.* <= t_pay.* [derived]
2026-07-03 13:51:31,676 metawiki.parse_etl.lineage INFO   [d6] pay_acc.* <= subquery_6.* [derived]
2026-07-03 13:51:31,676 metawiki.parse_etl.lineage INFO   [d6] t.* <= mt_dwd.dwd_login_di.* [derived]
2026-07-03 13:51:31,676 metawiki.parse_etl.lineage INFO   [d6] t1.* <= t.* [derived]
2026-07-03 13:51:31,676 metawiki.parse_etl.lineage INFO   [d6] tt.* <= ml_ods.connserver_client_friend_login.* [derived]
2026-07-03 13:51:31,676 metawiki.parse_etl.lineage INFO   [d6] tt.* <= ml_ods.gameserver_logout.* [derived]
2026-07-03 13:51:31,676 metawiki.parse_etl.lineage INFO   [d6] tt.* <= ml_ods.loginserver_login_auth.* [derived]
2026-07-03 13:51:31,677 metawiki.parse_etl.lineage INFO   [d7] a.* <= mt_dwd.dwd_login_di.* [derived]
2026-07-03 13:51:31,677 metawiki.parse_etl.lineage INFO   [d7] act_info.* <= active_info.* [derived]
2026-07-03 13:51:31,677 metawiki.parse_etl.lineage INFO   [d7] act_info.* <= battle_info.* [derived]
2026-07-03 13:51:31,677 metawiki.parse_etl.lineage INFO   [d7] bi_test.dim_role_df_hdfs.* <= his_create_role.* [derived]
2026-07-03 13:51:31,677 metawiki.parse_etl.lineage INFO   [d7] bi_test.dim_role_df_hdfs.* <= new_create_role.* [derived]
2026-07-03 13:51:31,677 metawiki.parse_etl.lineage INFO   [d7] config.* <= mt_dwd.config_country_area.* [derived]
2026-07-03 13:51:31,677 metawiki.parse_etl.lineage INFO   [d7] mt_dwd.dwd_login_di.* <= login_temp.* [derived]
2026-07-03 13:51:31,677 metawiki.parse_etl.lineage INFO   [d7] result_info.* <= result_info_branch_1.* [derived]
2026-07-03 13:51:31,677 metawiki.parse_etl.lineage INFO   [d7] result_info.* <= result_info_branch_2.* [derived]
2026-07-03 13:51:31,677 metawiki.parse_etl.lineage INFO   [d7] subquery_6.* <= subquery_6_branch_1.* [derived]
2026-07-03 13:51:31,677 metawiki.parse_etl.lineage INFO   [d7] subquery_6.* <= subquery_6_branch_2.* [derived]
2026-07-03 13:51:31,677 metawiki.parse_etl.lineage INFO   [d7] t.* <= a.* [derived]
2026-07-03 13:51:31,677 metawiki.parse_etl.lineage INFO   [d7] t.* <= b.* [derived]
2026-07-03 13:51:31,677 metawiki.parse_etl.lineage INFO   [d7] t_act.* <= mt_dwm.dwm_active_role_zone_di.* [derived]
2026-07-03 13:51:31,677 metawiki.parse_etl.lineage INFO   [d7] t_basic.* <= mt_dim.dim_basic_role_zone_df.* [derived]
2026-07-03 13:51:31,677 metawiki.parse_etl.lineage INFO   [d7] t_main_acct.* <= mt_dim.dim_id_mapping_role_zone_df.* [derived]
2026-07-03 13:51:31,677 metawiki.parse_etl.lineage INFO   [d7] t_pay.* <= mt_dwm.dwm_pay_role_zone_di.* [derived]
2026-07-03 13:51:31,677 metawiki.parse_etl.lineage INFO   [d8] a.* <= dm_act_survey_role_zone_df.* [derived]
2026-07-03 13:51:31,677 metawiki.parse_etl.lineage INFO   [d8] active_info.* <= t.* [derived]
2026-07-03 13:51:31,677 metawiki.parse_etl.lineage INFO   [d8] b.* <= b_branch_1.* [derived]
2026-07-03 13:51:31,677 metawiki.parse_etl.lineage INFO   [d8] b.* <= b_branch_2.* [derived]
2026-07-03 13:51:31,677 metawiki.parse_etl.lineage INFO   [d8] b.* <= b_branch_3.* [derived]
2026-07-03 13:51:31,677 metawiki.parse_etl.lineage INFO   [d8] battle_info.* <= subquery_7.* [derived]
2026-07-03 13:51:31,677 metawiki.parse_etl.lineage INFO   [d8] login_temp.* <= a.* [derived]
2026-07-03 13:51:31,677 metawiki.parse_etl.lineage INFO   [d8] login_temp.* <= b.* [derived]
2026-07-03 13:51:31,677 metawiki.parse_etl.lineage INFO   [d8] mt_dim.dim_id_mapping_role_zone_df.* <= br.* [derived]
2026-07-03 13:51:31,677 metawiki.parse_etl.lineage INFO   [d8] mt_dim.dim_id_mapping_role_zone_df.* <= rzi.* [derived]
2026-07-03 13:51:31,677 metawiki.parse_etl.lineage INFO   [d8] mt_dim.dim_id_mapping_role_zone_df.* <= temp_main_role_merge_all.* [derived]
2026-07-03 13:51:31,677 metawiki.parse_etl.lineage INFO   [d8] mt_dwm.dwm_pay_role_zone_di.* <= a.* [derived]
2026-07-03 13:51:31,677 metawiki.parse_etl.lineage INFO   [d8] new_create_role.* <= bi_test.dim_new_create_role_hdfs.* [derived]
2026-07-03 13:51:31,677 metawiki.parse_etl.lineage INFO   [d8] result_info_branch_1.* <= adv.* [derived]
2026-07-03 13:51:31,677 metawiki.parse_etl.lineage INFO   [d8] result_info_branch_1.* <= user_df.* [derived]
2026-07-03 13:51:31,677 metawiki.parse_etl.lineage INFO   [d8] result_info_branch_2.* <= user_df.* [derived]
2026-07-03 13:51:31,677 metawiki.parse_etl.lineage INFO   [d8] subquery_6_branch_1.* <= mt_dwm.dwm_charge_role_zone_df.* [derived]
2026-07-03 13:51:31,677 metawiki.parse_etl.lineage INFO   [d8] subquery_6_branch_2.* <= mt_dwm.dwm_charge_role_zone_di.* [derived]
2026-07-03 13:51:31,677 metawiki.parse_etl.lineage INFO   [d9] a.* <= ml_ods.gameserver_charge.* [derived]
2026-07-03 13:51:31,677 metawiki.parse_etl.lineage INFO   [d9] a.* <= ml_ods.gameserver_login.* [derived]
2026-07-03 13:51:31,677 metawiki.parse_etl.lineage INFO   [d9] adv.* <= a.* [derived]
2026-07-03 13:51:31,677 metawiki.parse_etl.lineage INFO   [d9] b.* <= mt_dim.dim_abnormal_account_df.* [derived]
2026-07-03 13:51:31,677 metawiki.parse_etl.lineage INFO   [d9] b_branch_1.* <= dm_act_survey_role_zone_df.* [derived]
2026-07-03 13:51:31,677 metawiki.parse_etl.lineage INFO   [d9] b_branch_2.* <= dm_act_survey_role_zone_df.* [derived]
2026-07-03 13:51:31,677 metawiki.parse_etl.lineage INFO   [d9] b_branch_3.* <= dm_act_survey_role_zone_df.* [derived]
2026-07-03 13:51:31,677 metawiki.parse_etl.lineage INFO   [d9] bi_test.dim_new_create_role_hdfs.* <= b.* [derived]
2026-07-03 13:51:31,677 metawiki.parse_etl.lineage INFO   [d9] br.* <= mt_dwm.dwm_active_role_zone_df.* [derived]
2026-07-03 13:51:31,677 metawiki.parse_etl.lineage INFO   [d9] mt_dwm.dwm_charge_role_zone_df.* <= t.* [derived]
2026-07-03 13:51:31,677 metawiki.parse_etl.lineage INFO   [d9] mt_dwm.dwm_charge_role_zone_di.* <= t.* [derived]
2026-07-03 13:51:31,677 metawiki.parse_etl.lineage INFO   [d9] rzi.* <= rzi_branch_1.* [derived]
2026-07-03 13:51:31,677 metawiki.parse_etl.lineage INFO   [d9] rzi.* <= rzi_branch_2.* [derived]
2026-07-03 13:51:31,677 metawiki.parse_etl.lineage INFO   [d9] subquery_7.* <= ml_ods.battleserver_battle_end.* [derived]
2026-07-03 13:51:31,677 metawiki.parse_etl.lineage INFO   [d9] t.* <= mt_dwm.dwm_active_role_zone_di.* [derived]
2026-07-03 13:51:31,677 metawiki.parse_etl.lineage INFO   [d9] temp_main_role_merge_all.* <= t2.* [derived]
2026-07-03 13:51:31,677 metawiki.parse_etl.lineage INFO   [d9] user_df.* <= a.* [derived]
2026-07-03 13:51:31,677 metawiki.parse_etl.lineage INFO   [d10] a.* <= df.* [derived]
2026-07-03 13:51:31,677 metawiki.parse_etl.lineage INFO   [d10] a.* <= mt_dwd.dwd_account_attribution_df.* [derived]
2026-07-03 13:51:31,677 metawiki.parse_etl.lineage INFO   [d10] a.* <= role_di.* [derived]
2026-07-03 13:51:31,677 metawiki.parse_etl.lineage INFO   [d10] a.* <= user_di.* [derived]
2026-07-03 13:51:31,677 metawiki.parse_etl.lineage INFO   [d10] b.* <= a.* [derived]
2026-07-03 13:51:31,677 metawiki.parse_etl.lineage INFO   [d10] mt_dim.dim_abnormal_account_df.* <= subquery_2.* [derived]
2026-07-03 13:51:31,677 metawiki.parse_etl.lineage INFO   [d10] mt_dwm.dwm_active_role_zone_df.* <= t1.* [derived]
2026-07-03 13:51:31,677 metawiki.parse_etl.lineage INFO   [d10] mt_dwm.dwm_active_role_zone_df.* <= t2.* [derived]
2026-07-03 13:51:31,677 metawiki.parse_etl.lineage INFO   [d10] mt_dwm.dwm_active_role_zone_df.* <= t4.* [derived]
2026-07-03 13:51:31,677 metawiki.parse_etl.lineage INFO   [d10] rzi_branch_1.* <= role_zone_device_not_one_by_one_1st_sort.* [derived]
2026-07-03 13:51:31,677 metawiki.parse_etl.lineage INFO   [d10] rzi_branch_2.* <= role_zone_device_not_one_by_one_2st_sort_res.* [derived]
2026-07-03 13:51:31,678 metawiki.parse_etl.lineage INFO   [d10] t.* <= raw_dwd.* [derived]
2026-07-03 13:51:31,678 metawiki.parse_etl.lineage INFO   [d10] t.* <= t_branch_1.* [derived]
2026-07-03 13:51:31,678 metawiki.parse_etl.lineage INFO   [d10] t.* <= t_branch_2.* [derived]
2026-07-03 13:51:31,678 metawiki.parse_etl.lineage INFO   [d10] t2.* <= t1.* [derived]
2026-07-03 13:51:31,678 metawiki.parse_etl.lineage INFO   [d11] a.* <= act.* [derived]
2026-07-03 13:51:31,678 metawiki.parse_etl.lineage INFO   [d11] a.* <= attr.* [derived]
2026-07-03 13:51:31,678 metawiki.parse_etl.lineage INFO   [d11] a.* <= bind.* [derived]
2026-07-03 13:51:31,678 metawiki.parse_etl.lineage INFO   [d11] a.* <= his.* [derived]
2026-07-03 13:51:31,678 metawiki.parse_etl.lineage INFO   [d11] a.* <= mini.* [derived]
2026-07-03 13:51:31,678 metawiki.parse_etl.lineage INFO   [d11] a.* <= new.* [derived]
2026-07-03 13:51:31,678 metawiki.parse_etl.lineage INFO   [d11] df.* <= bi_test.dim_attr_df_mla_hdfs.* [derived]
2026-07-03 13:51:31,678 metawiki.parse_etl.lineage INFO   [d11] raw_dwd.* <= a.* [derived]
2026-07-03 13:51:31,678 metawiki.parse_etl.lineage INFO   [d11] role_di.* <= tt.* [derived]
2026-07-03 13:51:31,678 metawiki.parse_etl.lineage INFO   [d11] role_zone_device_not_one_by_one_1st_sort.* <= t2.* [derived]
2026-07-03 13:51:31,678 metawiki.parse_etl.lineage INFO   [d11] role_zone_device_not_one_by_one_2st_sort_res.* <= t1.* [derived]
2026-07-03 13:51:31,678 metawiki.parse_etl.lineage INFO   [d11] subquery_2.* <= subquery_2_branch_1.* [derived]
2026-07-03 13:51:31,678 metawiki.parse_etl.lineage INFO   [d11] subquery_2.* <= subquery_2_branch_2.* [derived]
2026-07-03 13:51:31,678 metawiki.parse_etl.lineage INFO   [d11] t1.* <= de.* [derived]
2026-07-03 13:51:31,678 metawiki.parse_etl.lineage INFO   [d11] t1.* <= t1.* [derived]
2026-07-03 13:51:31,678 metawiki.parse_etl.lineage INFO   [d11] t2.* <= t.* [derived]
2026-07-03 13:51:31,678 metawiki.parse_etl.lineage INFO   [d11] t_branch_1.* <= mt_dwm.dwm_charge_role_zone_di.* [derived]
2026-07-03 13:51:31,678 metawiki.parse_etl.lineage INFO   [d11] user_di.* <= a.* [derived]
2026-07-03 13:51:31,678 metawiki.parse_etl.lineage INFO   [d11] user_di.* <= b.* [derived]
2026-07-03 13:51:31,678 metawiki.parse_etl.lineage INFO   [d12] a.* <= aa.* [derived]
2026-07-03 13:51:31,678 metawiki.parse_etl.lineage INFO   [d12] a.* <= mt_dwd.dwd_charge_order_di.* [derived]
2026-07-03 13:51:31,678 metawiki.parse_etl.lineage INFO   [d12] attr.* <= mt_dim.dim_attr_account_df.* [derived]
2026-07-03 13:51:31,678 metawiki.parse_etl.lineage INFO   [d12] b.* <= mt_dim.config_country.* [derived]
2026-07-03 13:51:31,678 metawiki.parse_etl.lineage INFO   [d12] bind.* <= mt_dim.dim_basic_bind_account_di.* [derived]
2026-07-03 13:51:31,678 metawiki.parse_etl.lineage INFO   [d12] de.* <= temp_main_account_t1.* [derived]
2026-07-03 13:51:31,678 metawiki.parse_etl.lineage INFO   [d12] mini.* <= ml_ods.loginserver_login_mini_return.* [derived]
2026-07-03 13:51:31,678 metawiki.parse_etl.lineage INFO   [d12] new.* <= mt_dim.dim_create_role_zone_di.* [derived]
2026-07-03 13:51:31,678 metawiki.parse_etl.lineage INFO   [d12] subquery_2_branch_1.* <= ml_ods.accountserver_account_create.* [derived]
2026-07-03 13:51:31,678 metawiki.parse_etl.lineage INFO   [d12] t.* <= mt_dwm.dwm_active_role_zone_di.* [derived]
2026-07-03 13:51:31,678 metawiki.parse_etl.lineage INFO   [d12] t1.* <= role_zone_device_not_one_by_one_1st_sort.* [derived]
2026-07-03 13:51:31,678 metawiki.parse_etl.lineage INFO   [d12] t1.* <= t1_branch_1.* [derived]
2026-07-03 13:51:31,678 metawiki.parse_etl.lineage INFO   [d12] t1.* <= t1_branch_2.* [derived]
2026-07-03 13:51:31,678 metawiki.parse_etl.lineage INFO   [d12] t2.* <= t1.* [derived]
2026-07-03 13:51:31,678 metawiki.parse_etl.lineage INFO   [d12] tt.* <= t.* [derived]
2026-07-03 13:51:31,678 metawiki.parse_etl.lineage INFO   [d13] aa.* <= mh_ods.accountserver_account_create.* [derived]
2026-07-03 13:51:31,678 metawiki.parse_etl.lineage INFO   [d13] mt_dim.dim_basic_bind_account_di.* <= ml_ods.connserver_bindaccount_data.* [derived]
2026-07-03 13:51:31,678 metawiki.parse_etl.lineage INFO   [d13] mt_dim.dim_create_role_zone_di.* <= a.* [derived]
2026-07-03 13:51:31,678 metawiki.parse_etl.lineage INFO   [d13] mt_dwd.dwd_charge_order_di.* <= t3.* [derived]
2026-07-03 13:51:31,678 metawiki.parse_etl.lineage INFO   [d13] t.* <= mh_ods.gameserver_create_role.* [derived]
2026-07-03 13:51:31,678 metawiki.parse_etl.lineage INFO   [d13] t.* <= role_df.* [derived]
2026-07-03 13:51:31,678 metawiki.parse_etl.lineage INFO   [d13] t1.* <= ro.* [derived]
2026-07-03 13:51:31,678 metawiki.parse_etl.lineage INFO   [d13] t1_branch_1.* <= mt_dwm.dwm_active_role_zone_di.* [derived]
2026-07-03 13:51:31,678 metawiki.parse_etl.lineage INFO   [d13] temp_main_account_t1.* <= act.* [derived]
2026-07-03 13:51:31,678 metawiki.parse_etl.lineage INFO   [d14] a.* <= a_branch_1.* [derived]
2026-07-03 13:51:31,678 metawiki.parse_etl.lineage INFO   [d14] a.* <= a_branch_2.* [derived]
2026-07-03 13:51:31,678 metawiki.parse_etl.lineage INFO   [d14] act.* <= mt_dim.dim_mapping_role_df.* [derived]
2026-07-03 13:51:31,678 metawiki.parse_etl.lineage INFO   [d14] ro.* <= main_did.* [derived]
2026-07-03 13:51:31,678 metawiki.parse_etl.lineage INFO   [d14] role_df.* <= mh_ods.gameserver_create_role.* [derived]
2026-07-03 13:51:31,678 metawiki.parse_etl.lineage INFO   [d14] t3.* <= t2.* [derived]
2026-07-03 13:51:31,678 metawiki.parse_etl.lineage INFO   [d15] a_branch_1.* <= a.* [derived]
2026-07-03 13:51:31,678 metawiki.parse_etl.lineage INFO   [d15] a_branch_1.* <= c.* [derived]
2026-07-03 13:51:31,678 metawiki.parse_etl.lineage INFO   [d15] a_branch_2.* <= lc.* [derived]
2026-07-03 13:51:31,678 metawiki.parse_etl.lineage INFO   [d15] main_did.* <= mt_dim.dim_mapping_device_df.* [derived]
2026-07-03 13:51:31,678 metawiki.parse_etl.lineage INFO   [d15] mt_dim.dim_mapping_role_df.* <= cur_day_mapping.* [derived]
2026-07-03 13:51:31,678 metawiki.parse_etl.lineage INFO   [d15] mt_dim.dim_mapping_role_df.* <= t_his.* [derived]
2026-07-03 13:51:31,678 metawiki.parse_etl.lineage INFO   [d15] mt_dim.dim_mapping_role_df.* <= t_login.* [derived]
2026-07-03 13:51:31,678 metawiki.parse_etl.lineage INFO   [d15] t2.* <= t1.* [derived]
2026-07-03 13:51:31,678 metawiki.parse_etl.lineage INFO   [d16] a.* <= b.* [derived]
2026-07-03 13:51:31,678 metawiki.parse_etl.lineage INFO   [d16] a.* <= mt_dwd.dwd_create_role_di.* [derived]
2026-07-03 13:51:31,678 metawiki.parse_etl.lineage INFO   [d16] c.* <= x.* [derived]
2026-07-03 13:51:31,678 metawiki.parse_etl.lineage INFO   [d16] cur_day_mapping.* <= t_active.* [derived]
2026-07-03 13:51:31,678 metawiki.parse_etl.lineage INFO   [d16] lc.* <= bk.* [derived]
2026-07-03 13:51:31,678 metawiki.parse_etl.lineage INFO   [d16] lc.* <= cre.* [derived]
2026-07-03 13:51:31,678 metawiki.parse_etl.lineage INFO   [d16] mt_dim.dim_mapping_device_df.* <= cur_day_mapping.* [derived]
2026-07-03 13:51:31,678 metawiki.parse_etl.lineage INFO   [d16] mt_dim.dim_mapping_device_df.* <= t_battle_map.* [derived]
2026-07-03 13:51:31,678 metawiki.parse_etl.lineage INFO   [d16] mt_dim.dim_mapping_device_df.* <= t_his.* [derived]
2026-07-03 13:51:31,678 metawiki.parse_etl.lineage INFO   [d16] mt_dim.dim_mapping_device_df.* <= t_login.* [derived]
2026-07-03 13:51:31,679 metawiki.parse_etl.lineage INFO   [d16] t1.* <= t.* [derived]
2026-07-03 13:51:31,679 metawiki.parse_etl.lineage INFO   [d16] t_login.* <= ml_ods.gameserver_login.* [derived]
2026-07-03 13:51:31,679 metawiki.parse_etl.lineage INFO   [d17] b.* <= bi_test.dim_create_role_hdfs.* [derived]
2026-07-03 13:51:31,679 metawiki.parse_etl.lineage INFO   [d17] bk.* <= bk_branch_1.* [derived]
2026-07-03 13:51:31,679 metawiki.parse_etl.lineage INFO   [d17] bk.* <= bk_branch_2.* [derived]
2026-07-03 13:51:31,679 metawiki.parse_etl.lineage INFO   [d17] cre.* <= a.* [derived]
2026-07-03 13:51:31,679 metawiki.parse_etl.lineage INFO   [d17] cur_day_mapping.* <= t_login.* [derived]
2026-07-03 13:51:31,679 metawiki.parse_etl.lineage INFO   [d17] mt_dwd.dwd_create_role_di.* <= create_temp.* [derived]
2026-07-03 13:51:31,679 metawiki.parse_etl.lineage INFO   [d17] t.* <= c.* [derived]
2026-07-03 13:51:31,679 metawiki.parse_etl.lineage INFO   [d17] t.* <= charge_final.* [derived]
2026-07-03 13:51:31,679 metawiki.parse_etl.lineage INFO   [d17] t.* <= currency_exchange.* [derived]
2026-07-03 13:51:31,679 metawiki.parse_etl.lineage INFO   [d17] t.* <= d.* [derived]
2026-07-03 13:51:31,679 metawiki.parse_etl.lineage INFO   [d17] t.* <= e.* [derived]
2026-07-03 13:51:31,679 metawiki.parse_etl.lineage INFO   [d17] t.* <= f.* [derived]
2026-07-03 13:51:31,679 metawiki.parse_etl.lineage INFO   [d17] t.* <= g.* [derived]
2026-07-03 13:51:31,679 metawiki.parse_etl.lineage INFO   [d17] t.* <= h.* [derived]
2026-07-03 13:51:31,679 metawiki.parse_etl.lineage INFO   [d17] t.* <= i.* [derived]
2026-07-03 13:51:31,679 metawiki.parse_etl.lineage INFO   [d17] t.* <= j.* [derived]
2026-07-03 13:51:31,679 metawiki.parse_etl.lineage INFO   [d17] t_active.* <= t_today_df.* [derived]
2026-07-03 13:51:31,679 metawiki.parse_etl.lineage INFO   [d17] t_battle_map.* <= mt_dwd.dwd_battle_mapping_device_di.* [derived]
2026-07-03 13:51:31,679 metawiki.parse_etl.lineage INFO   [d17] t_login.* <= ml_ods.gameserver_login.* [derived]
2026-07-03 13:51:31,679 metawiki.parse_etl.lineage INFO   [d17] x.* <= x_branch_1.* [derived]
2026-07-03 13:51:31,679 metawiki.parse_etl.lineage INFO   [d17] x.* <= x_branch_2.* [derived]
2026-07-03 13:51:31,679 metawiki.parse_etl.lineage INFO   [d18] a.* <= a_branch_1.* [derived]
2026-07-03 13:51:31,679 metawiki.parse_etl.lineage INFO   [d18] a.* <= a_branch_2.* [derived]
2026-07-03 13:51:31,679 metawiki.parse_etl.lineage INFO   [d18] a.* <= a_branch_3.* [derived]
2026-07-03 13:51:31,679 metawiki.parse_etl.lineage INFO   [d18] bi_test.dim_create_role_hdfs.* <= mt_dwd.dwd_create_role_di.* [derived]
2026-07-03 13:51:31,679 metawiki.parse_etl.lineage INFO   [d18] bk_branch_1.* <= mt_dwd.dwd_login_di.* [derived]
2026-07-03 13:51:31,679 metawiki.parse_etl.lineage INFO   [d18] bk_branch_2.* <= ml_ods.gameserver_charge.* [derived]
2026-07-03 13:51:31,679 metawiki.parse_etl.lineage INFO   [d18] c.* <= paychannel_rate.* [derived]
2026-07-03 13:51:31,679 metawiki.parse_etl.lineage INFO   [d18] charge_final.* <= b.* [derived]
2026-07-03 13:51:31,679 metawiki.parse_etl.lineage INFO   [d18] charge_final.* <= charge_calibrated.* [derived]
2026-07-03 13:51:31,679 metawiki.parse_etl.lineage INFO   [d18] create_temp.* <= a.* [direct]
2026-07-03 13:51:31,679 metawiki.parse_etl.lineage INFO   [d18] create_temp.* <= b.* [derived]
2026-07-03 13:51:31,679 metawiki.parse_etl.lineage INFO   [d18] currency_exchange.* <= mt_dim.dim_currency_exchange_df.* [derived]
2026-07-03 13:51:31,679 metawiki.parse_etl.lineage INFO   [d18] d.* <= paychannel_rate.* [derived]
2026-07-03 13:51:31,679 metawiki.parse_etl.lineage INFO   [d18] e.* <= paychannel_rate.* [derived]
2026-07-03 13:51:31,679 metawiki.parse_etl.lineage INFO   [d18] f.* <= paychannel_rate.* [derived]
2026-07-03 13:51:31,679 metawiki.parse_etl.lineage INFO   [d18] g.* <= paychannel_fee.* [derived]
2026-07-03 13:51:31,679 metawiki.parse_etl.lineage INFO   [d18] h.* <= paychannel_fee.* [derived]
2026-07-03 13:51:31,679 metawiki.parse_etl.lineage INFO   [d18] i.* <= paychannel_fee.* [derived]
2026-07-03 13:51:31,679 metawiki.parse_etl.lineage INFO   [d18] j.* <= paychannel_fee.* [derived]
2026-07-03 13:51:31,679 metawiki.parse_etl.lineage INFO   [d18] mt_dwd.dwd_battle_mapping_device_di.* <= t_info.* [derived]
2026-07-03 13:51:31,679 metawiki.parse_etl.lineage INFO   [d18] t_login.* <= t_today_df.* [derived]
2026-07-03 13:51:31,679 metawiki.parse_etl.lineage INFO   [d18] t_today_df.* <= mt_dim.dim_mlbb_id_mapping_df.* [derived]
2026-07-03 13:51:31,679 metawiki.parse_etl.lineage INFO   [d18] x_branch_1.* <= mt_dwm.dwm_active_role_zone_df.* [derived]
2026-07-03 13:51:31,679 metawiki.parse_etl.lineage INFO   [d18] x_branch_2.* <= mt_dwm.dwm_pay_role_zone_df.* [derived]
2026-07-03 13:51:31,679 metawiki.parse_etl.lineage INFO   [d19] a.* <= subquery_3.* [derived]
2026-07-03 13:51:31,679 metawiki.parse_etl.lineage INFO   [d19] a_branch_1.* <= bi_test.dim_create_role_hdfs.* [derived]
2026-07-03 13:51:31,679 metawiki.parse_etl.lineage INFO   [d19] a_branch_2.* <= mt_dwm.dwm_active_role_zone_df.* [derived]
2026-07-03 13:51:31,679 metawiki.parse_etl.lineage INFO   [d19] a_branch_3.* <= mt_dwm.dwm_pay_role_zone_df.* [derived]
2026-07-03 13:51:31,679 metawiki.parse_etl.lineage INFO   [d19] b.* <= mt_dim.dim_abnormal_account_df.* [derived]
2026-07-03 13:51:31,679 metawiki.parse_etl.lineage INFO   [d19] b.* <= mt_dim.dim_productmoney_change_df.* [derived]
2026-07-03 13:51:31,679 metawiki.parse_etl.lineage INFO   [d19] charge_calibrated.* <= charge_country_calibrated.* [derived]
2026-07-03 13:51:31,679 metawiki.parse_etl.lineage INFO   [d19] charge_calibrated.* <= currency_country_mapping.* [derived]
2026-07-03 13:51:31,679 metawiki.parse_etl.lineage INFO   [d19] charge_calibrated.* <= timezone_mapping.* [derived]
2026-07-03 13:51:31,679 metawiki.parse_etl.lineage INFO   [d19] mt_dim.dim_currency_exchange_df.* <= t.* [derived]
2026-07-03 13:51:31,679 metawiki.parse_etl.lineage INFO   [d19] paychannel_fee.* <= mt_dim.dim_paychannel_fee_di.* [derived]
2026-07-03 13:51:31,679 metawiki.parse_etl.lineage INFO   [d19] paychannel_rate.* <= mt_dim.dim_paychannel_rate_di.* [derived]
2026-07-03 13:51:31,679 metawiki.parse_etl.lineage INFO   [d19] t_info.* <= t_battle.* [derived]
2026-07-03 13:51:31,679 metawiki.parse_etl.lineage INFO   [d19] t_info.* <= t_login.* [derived]
2026-07-03 13:51:31,679 metawiki.parse_etl.lineage INFO   [d19] t_today_df.* <= mt_dim.dim_mlbb_id_mapping_df.* [derived]
2026-07-03 13:51:31,679 metawiki.parse_etl.lineage INFO   [d20] charge_country_calibrated.* <= subquery_22.* [derived]
2026-07-03 13:51:31,679 metawiki.parse_etl.lineage INFO   [d20] currency_country_mapping.* <= d2.* [derived]
2026-07-03 13:51:31,679 metawiki.parse_etl.lineage INFO   [d20] currency_country_mapping.* <= mt_dim.dim_currency_country_di.* [derived]
2026-07-03 13:51:31,679 metawiki.parse_etl.lineage INFO   [d20] mt_dim.dim_paychannel_fee_di.* <= mt_dim.dim_paychannel_fee_new.* [derived]
2026-07-03 13:51:31,679 metawiki.parse_etl.lineage INFO   [d20] mt_dim.dim_paychannel_rate_di.* <= mt_dim.dim_paychannel_rate_new.* [derived]
2026-07-03 13:51:31,679 metawiki.parse_etl.lineage INFO   [d20] mt_dim.dim_productmoney_change_df.* <= teriri.* [derived]
2026-07-03 13:51:31,679 metawiki.parse_etl.lineage INFO   [d20] subquery_3.* <= ml_ods.gameserver_create_role.* [derived]
2026-07-03 13:51:31,679 metawiki.parse_etl.lineage INFO   [d20] t.* <= mt_dim.dim_xe_currency_exchange.* [derived]
2026-07-03 13:51:31,679 metawiki.parse_etl.lineage INFO   [d20] t_battle.* <= t1.* [derived]
2026-07-03 13:51:31,679 metawiki.parse_etl.lineage INFO   [d20] t_login.* <= t.* [derived]
2026-07-03 13:51:31,679 metawiki.parse_etl.lineage INFO   [d20] timezone_mapping.* <= d2.* [derived]
2026-07-03 13:51:31,679 metawiki.parse_etl.lineage INFO   [d20] timezone_mapping.* <= mt_dim.dim_payment_channel_timezone_di.* [derived]
2026-07-03 13:51:31,680 metawiki.parse_etl.lineage INFO   [d21] d2.* <= mt_dim.dim_currency_country_di.* [derived]
2026-07-03 13:51:31,680 metawiki.parse_etl.lineage INFO   [d21] d2.* <= mt_dim.dim_payment_channel_timezone_di.* [derived]
2026-07-03 13:51:31,680 metawiki.parse_etl.lineage INFO   [d21] mt_dim.dim_currency_country_di.* <= mt_dim.dim_currency_country.* [derived]
2026-07-03 13:51:31,680 metawiki.parse_etl.lineage INFO   [d21] mt_dim.dim_payment_channel_timezone_di.* <= mt_dim.dim_payment_channel_timezone.* [derived]
2026-07-03 13:51:31,680 metawiki.parse_etl.lineage INFO   [d21] subquery_22.* <= charge_raw.* [derived]
2026-07-03 13:51:31,680 metawiki.parse_etl.lineage INFO   [d21] subquery_22.* <= currency_country_mapping.* [derived]
2026-07-03 13:51:31,680 metawiki.parse_etl.lineage INFO   [d21] subquery_22.* <= mt_dim.dim_basic_role_zone_df.* [derived]
2026-07-03 13:51:31,680 metawiki.parse_etl.lineage INFO   [d21] t.* <= ml_ods.gameserver_login.* [derived]
2026-07-03 13:51:31,680 metawiki.parse_etl.lineage INFO   [d21] t1.* <= ml_ods.battleserver_battle_end.* [derived]
2026-07-03 13:51:31,680 metawiki.parse_etl.lineage INFO   [d21] teriri.* <= mt_dim.dim_productmoney_change.* [derived]
2026-07-03 13:51:31,680 metawiki.parse_etl.lineage INFO   [d22] charge_raw.* <= c.* [derived]
2026-07-03 13:51:31,680 metawiki.parse_etl.lineage INFO   [d22] charge_raw.* <= charge_all.* [derived]
2026-07-03 13:51:31,680 metawiki.parse_etl.lineage INFO   [d22] charge_raw.* <= d.* [derived]
2026-07-03 13:51:31,680 metawiki.parse_etl.lineage INFO   [d22] charge_raw.* <= receipt_mapping.* [derived]
2026-07-03 13:51:31,680 metawiki.parse_etl.lineage INFO   [d23] c.* <= dim_charge_calibration_df.* [derived]
2026-07-03 13:51:31,680 metawiki.parse_etl.lineage INFO   [d23] charge_all.* <= subquery_4.* [derived]
2026-07-03 13:51:31,680 metawiki.parse_etl.lineage INFO   [d23] d.* <= dim_charge_calibration_df.* [derived]
2026-07-03 13:51:31,680 metawiki.parse_etl.lineage INFO   [d23] receipt_mapping.* <= d2.* [derived]
2026-07-03 13:51:31,680 metawiki.parse_etl.lineage INFO   [d23] receipt_mapping.* <= mt_dim.dim_receipt_mapping_di.* [derived]
2026-07-03 13:51:31,680 metawiki.parse_etl.lineage INFO   [d24] d2.* <= mt_dim.dim_receipt_mapping_di.* [derived]
2026-07-03 13:51:31,680 metawiki.parse_etl.lineage INFO   [d24] dim_charge_calibration_df.* <= d2.* [derived]
2026-07-03 13:51:31,680 metawiki.parse_etl.lineage INFO   [d24] mt_dim.dim_receipt_mapping_di.* <= mt_dim.dim_receipt_mapping_new.* [derived]
2026-07-03 13:51:31,680 metawiki.parse_etl.lineage INFO   [d24] subquery_4.* <= subquery_4_branch_1.* [derived]
2026-07-03 13:51:31,680 metawiki.parse_etl.lineage INFO   [d24] subquery_4.* <= subquery_4_branch_2.* [derived]
2026-07-03 13:51:31,680 metawiki.parse_etl.lineage INFO   [d25] subquery_4_branch_1.* <= ml_ods.gameserver_charge.* [derived]
2026-07-03 13:51:31,680 metawiki.parse_etl.lineage INFO   [d25] subquery_4_branch_2.* <= b.* [derived]
2026-07-03 13:51:31,680 metawiki.parse_etl.lineage INFO   [d25] subquery_4_branch_2.* <= charge_gp_no_price.* [derived]
2026-07-03 13:51:31,680 metawiki.parse_etl.lineage INFO   [d26] b.* <= t.* [derived]
2026-07-03 13:51:31,680 metawiki.parse_etl.lineage INFO   [d26] charge_gp_no_price.* <= ml_ods.gameserver_charge.* [derived]
2026-07-03 13:51:31,680 metawiki.parse_etl.lineage INFO   [d27] t.* <= charge_gp_no_price.* [derived]
2026-07-03 13:51:31,680 metawiki.parse_etl.lineage INFO   [d27] t.* <= t1.* [derived]
2026-07-03 13:51:31,680 metawiki.parse_etl.lineage INFO   [d28] t1.* <= ml_ods.gameserver_charge.* [derived]
2026-07-03 13:51:31,680 metawiki.parse_etl.lineage INFO 整条链路 SQL:
-- 可分析维度: active_label, network_group, country, age_group
WITH
basic AS (
    SELECT
        first_mt_country AS country,
        first_network_name AS network,
        IF(LOWER(first_network_name) = 'organic', 1, 2) AS network_group,
        roleid
    FROM mt_dim.dim_basic_role_zone_df AS dim_basic_role_zone_df
    WHERE logymd = IF('2026-05-31' <= '2024-01-01', '2024-01-01', '2026-05-31') AND register_date <= '2026-05-31' AND appid = 'mlbb' AND is_ai = 0 AND is_first_create = 1
),
active_di AS (
    SELECT
        roleid
    FROM mt_dwm.dwm_active_role_zone_di AS dwm_active_role_zone_di
    WHERE logymd = '2026-05-31' AND appid = 'mlbb' AND /* AND     is_ai = 0 */ IF('2026-05-31' <= '2025-01-03', zoneid < 57000, zoneid > 0)
    GROUP BY roleid
),
lose_active_di AS (
    SELECT
        active_label,
        roleid
    FROM mt_dim.dim_gamebi_active_pay_di AS dim_gamebi_active_pay_di
    WHERE logymd = '2026-05-31' AND granularity_type = 'account57'
),
attribute_account_df AS (
    SELECT
        accountid,
        age,
        CASE WHEN age BETWEEN 7 AND 9 THEN '1' WHEN age BETWEEN 10 AND 14 THEN '2' WHEN age BETWEEN 15 AND 19 THEN '3' WHEN age BETWEEN 20 AND 24 THEN '4' WHEN age BETWEEN 25 AND 29 THEN '5' WHEN age BETWEEN 30 AND 34 THEN '6' WHEN age >= 35 THEN '7' END AS age_group /* 年龄段 */
    FROM mt_dim.dim_basic_attribute_account_df AS dim_basic_attribute_account_df
    WHERE logymd = '2026-05-31' AND appid = 'mlbb' AND gt2 = 1
),
ads_decismart_active_di AS (
    SELECT
        COUNT(*) AS active_cnt,
        COALESCE(los.active_label, -99999) AS active_label,
        COALESCE(attr.age_group, -99999) AS age_group,
        COALESCE(bas.country, 'unknown') AS country,
        COALESCE(bas.network_group, -99999) AS network_group
    FROM active_di AS act
    JOIN basic AS bas
        ON act.roleid = bas.roleid
    LEFT JOIN lose_active_di AS los
        ON act.roleid = los.roleid
    LEFT JOIN attribute_account_df AS attr
        ON act.roleid = attr.accountid
    GROUP BY COALESCE(bas.country, 'unknown'), COALESCE(los.active_label, -99999) /* NVL(bas.os, 'unknown'), */ /* NVL(bas.network, 'unknown'), */, COALESCE(attr.age_group, -99999), COALESCE(bas.network_group, -99999)
)
SELECT
    ads_decismart_active_di.active_label,
    ads_decismart_active_di.network_group,
    ads_decismart_active_di.country,
    ads_decismart_active_di.age_group,
    ads_decismart_active_di.active_cnt
FROM ads_decismart_active_di;
2026-07-14 14:41:46,623 metawiki.parse_etl.lineage INFO 字段 mt_ads.ads_gamebi_roger_primary_di_us.active_cnt 的递归血缘 10 跳:
2026-07-14 14:41:46,624 metawiki.parse_etl.lineage INFO   [d1] mt_ads.ads_gamebi_roger_primary_di_us.active_cnt <= final_insert_branch_1.active_cnt [derived]
2026-07-14 14:41:46,624 metawiki.parse_etl.lineage INFO   [d1] mt_ads.ads_gamebi_roger_primary_di_us.active_cnt <= final_insert_branch_2.active_cnt [derived]
2026-07-14 14:41:46,624 metawiki.parse_etl.lineage INFO   [d2] final_insert_branch_1.active_cnt <= mt_ads.ads_gamebi_roger_primary_di.active_cnt [direct]
2026-07-14 14:41:46,624 metawiki.parse_etl.lineage INFO   [d3] mt_ads.ads_gamebi_roger_primary_di.active_cnt <= t3.active_cnt [derived]
2026-07-14 14:41:46,624 metawiki.parse_etl.lineage INFO   [d4] t3.active_cnt <= indicator_role.tag [aggregated]
2026-07-14 14:41:46,624 metawiki.parse_etl.lineage INFO   [d5] indicator_role.tag <= t.tag [direct]
2026-07-14 14:41:46,624 metawiki.parse_etl.lineage INFO   [d6] t.tag <= t_branch_1.tag [derived]
2026-07-14 14:41:46,624 metawiki.parse_etl.lineage INFO   [d6] t.tag <= t_branch_2.tag [derived]
2026-07-14 14:41:46,624 metawiki.parse_etl.lineage INFO   [d6] t.tag <= t_branch_3.tag [derived]
2026-07-14 14:41:46,624 metawiki.parse_etl.lineage INFO   [d6] t.tag <= t_branch_4.tag [derived]
